city_id,date,temperature_max,temperature_min,precipitation,precipitation_probability,wind_speed,wind_gusts,weather_code,city,latitude,longitude
1,2026-09-19,26.5,18.9,0.0,0,10.5,30.6,45,Casablanca,33.5992,-7.62
1,2026-09-20,30.0,20.3,0.0,0,9.9,29.9,1,Casablanca,33.5992,-7.62
1,2026-09-21,29.9,21.6,0.0,0,10.9,31.7,2,Casablanca,33.5992,-7.62
1,2026-09-22,28.6,20.3,0.0,0,9.2,27.7,45,Casablanca,33.5992,-7.62
1,2026-09-23,28.7,18.7,0.0,0,9.3,28.8,45,Casablanca,33.5992,-7.62
1,2026-09-24,32.5,19.2,0.0,0,10.9,29.2,0,Casablanca,33.5992,-7.62
1,2026-09-25,27.1,18.5,0.0,0,9.7,28.4,3,Casablanca,33.5992,-7.62
2,2026-09-19,27.7,22.9,0.0,0,32.1,75.6,2,Tangier,35.7767,-5.8039
2,2026-09-20,28.4,24.0,0.0,0,31.7,74.9,2,Tangier,35.7767,-5.8039
2,2026-09-21,28.8,23.0,0.0,0,27.7,64.8,1,Tangier,35.7767,-5.8039
2,2026-09-22,29.0,21.7,0.0,0,24.5,56.9,1,Tangier,35.7767,-5.8039
2,2026-09-23,30.2,21.2,0.0,0,18.8,44.6,0,Tangier,35.7767,-5.8039
2,2026-09-24,30.2,21.4,0.0,0,13.8,30.6,3,Tangier,35.7767,-5.8039
2,2026-09-25,26.2,17.9,0.0,0,10.2,24.5,3,Tangier,35.7767,-5.8039
3,2026-09-19,34.1,21.2,0.0,5,16.2,41.0,2,Fès,34.0433,-5.0033
3,2026-09-20,35.5,22.3,0.0,0,14.0,36.7,1,Fès,34.0433,-5.0033
3,2026-09-21,35.1,22.2,0.0,0,11.4,31.3,1,Fès,34.0433,-5.0033
3,2026-09-22,34.4,20.6,0.0,0,9.0,24.8,0,Fès,34.0433,-5.0033
3,2026-09-23,35.0,20.2,0.0,0,9.4,25.6,0,Fès,34.0433,-5.0033
3,2026-09-24,35.4,21.6,0.0,0,11.3,28.1,0,Fès,34.0433,-5.0033
3,2026-09-25,32.5,20.4,0.0,0,13.4,33.5,3,Fès,34.0433,-5.0033
4,2026-09-19,36.6,20.3,0.3,23,9.5,28.4,80,Marrakech,31.6295,-7.9811
4,2026-09-20,37.0,23.3,0.0,23,12.6,32.8,3,Marrakech,31.6295,-7.9811
4,2026-09-21,37.6,22.8,0.0,3,13.7,37.8,2,Marrakech,31.6295,-7.9811
4,2026-09-22,37.5,21.2,0.0,1,10.3,28.4,1,Marrakech,31.6295,-7.9811
4,2026-09-23,37.7,20.6,0.0,0,10.1,28.1,3,Marrakech,31.6295,-7.9811
4,2026-09-24,37.9,19.8,0.0,0,13.0,24.1,3,Marrakech,31.6295,-7.9811
4,2026-09-25,36.4,20.6,0.0,0,15.6,26.6,3,Marrakech,31.6295,-7.9811
5,2026-09-19,28.8,17.0,0.0,0,11.8,30.2,2,Sale,34.05,-6.8167
5,2026-09-20,31.9,19.5,0.0,0,11.2,29.5,1,Sale,34.05,-6.8167
5,2026-09-21,31.1,21.5,0.0,0,11.4,30.6,2,Sale,34.05,-6.8167
5,2026-09-22,30.3,19.9,0.0,0,11.5,30.2,1,Sale,34.05,-6.8167
5,2026-09-23,30.2,19.1,0.0,0,11.9,30.6,1,Sale,34.05,-6.8167
5,2026-09-24,31.4,18.6,0.0,0,10.8,28.4,0,Sale,34.05,-6.8167
5,2026-09-25,26.8,17.5,0.0,3,9.7,23.4,3,Sale,34.05,-6.8167
6,2026-09-19,33.9,18.9,0.0,0,10.6,29.9,2,Meknès,33.8833,-5.55
6,2026-09-20,35.7,20.7,0.0,0,14.1,35.6,1,Meknès,33.8833,-5.55
6,2026-09-21,35.3,20.4,0.0,0,13.8,36.4,1,Meknès,33.8833,-5.55
6,2026-09-22,34.0,18.8,0.0,0,13.7,34.2,0,Meknès,33.8833,-5.55
6,2026-09-23,34.3,17.6,0.0,0,12.8,35.3,0,Meknès,33.8833,-5.55
6,2026-09-24,34.2,17.3,0.0,0,12.2,28.4,0,Meknès,33.8833,-5.55
6,2026-09-25,31.4,18.1,0.0,0,14.9,33.5,3,Meknès,33.8833,-5.55
7,2026-09-19,28.8,17.1,0.0,0,11.8,30.2,2,Rabat,34.0211,-6.8414
7,2026-09-20,31.9,19.5,0.0,0,11.2,29.5,1,Rabat,34.0211,-6.8414
7,2026-09-21,31.2,21.5,0.0,0,11.4,30.6,2,Rabat,34.0211,-6.8414
7,2026-09-22,30.4,20.0,0.0,0,11.5,30.2,1,Rabat,34.0211,-6.8414
7,2026-09-23,30.2,19.2,0.0,0,11.9,30.6,1,Rabat,34.0211,-6.8414
7,2026-09-24,31.5,18.7,0.0,0,10.8,28.4,0,Rabat,34.0211,-6.8414
7,2026-09-25,26.9,17.5,0.0,3,9.7,23.4,3,Rabat,34.0211,-6.8414
8,2026-09-19,26.0,21.2,0.0,0,13.0,38.5,3,Agadir,30.4214,-9.5831
8,2026-09-20,28.9,21.4,0.0,0,11.7,36.0,45,Agadir,30.4214,-9.5831
8,2026-09-21,34.3,22.6,0.0,0,9.4,27.7,3,Agadir,30.4214,-9.5831
8,2026-09-22,34.4,24.1,0.0,0,12.7,37.4,3,Agadir,30.4214,-9.5831
8,2026-09-23,37.8,25.0,0.0,0,14.3,38.9,3,Agadir,30.4214,-9.5831
8,2026-09-24,40.9,26.5,0.0,0,20.6,40.7,3,Agadir,30.4214,-9.5831
8,2026-09-25,39.2,26.9,0.0,0,18.8,37.8,3,Agadir,30.4214,-9.5831
9,2026-09-19,32.7,17.6,0.0,0,14.5,37.4,1,Kenitra,34.25,-6.5833
9,2026-09-20,36.3,19.1,0.0,0,13.1,34.6,1,Kenitra,34.25,-6.5833
9,2026-09-21,34.7,20.7,0.0,0,12.9,32.0,1,Kenitra,34.25,-6.5833
9,2026-09-22,32.7,19.8,0.0,0,12.1,31.3,0,Kenitra,34.25,-6.5833
9,2026-09-23,32.8,18.6,0.0,0,12.2,31.3,0,Kenitra,34.25,-6.5833
9,2026-09-24,32.1,18.0,0.0,0,12.1,28.1,2,Kenitra,34.25,-6.5833
9,2026-09-25,28.3,16.7,0.0,0,10.8,27.0,45,Kenitra,34.25,-6.5833
10,2026-09-19,29.5,19.2,0.8,43,16.0,34.6,80,Oujda-Angad,34.6867,-1.9114
10,2026-09-20,30.1,18.4,0.8,30,16.3,33.1,80,Oujda-Angad,34.6867,-1.9114
10,2026-09-21,27.9,18.1,0.0,0,19.5,41.4,45,Oujda-Angad,34.6867,-1.9114
10,2026-09-22,29.0,14.3,0.0,0,18.8,40.7,2,Oujda-Angad,34.6867,-1.9114
10,2026-09-23,30.6,15.1,0.0,0,17.2,36.7,0,Oujda-Angad,34.6867,-1.9114
10,2026-09-24,32.1,14.8,0.0,0,15.5,28.1,0,Oujda-Angad,34.6867,-1.9114
10,2026-09-25,34.0,18.3,0.0,0,16.1,29.5,3,Oujda-Angad,34.6867,-1.9114
11,2026-09-19,26.1,22.6,0.0,0,32.2,73.8,3,Tétouan,35.5667,-5.3667
11,2026-09-20,26.2,23.2,0.0,0,31.0,70.6,2,Tétouan,35.5667,-5.3667
11,2026-09-21,27.0,22.5,0.0,0,24.7,56.9,2,Tétouan,35.5667,-5.3667
11,2026-09-22,27.0,21.2,0.0,0,20.8,49.0,1,Tétouan,35.5667,-5.3667
11,2026-09-23,26.8,19.7,0.0,0,15.9,40.0,2,Tétouan,35.5667,-5.3667
11,2026-09-24,28.2,19.3,0.0,0,13.3,33.1,45,Tétouan,35.5667,-5.3667
11,2026-09-25,33.1,16.4,0.0,0,18.2,44.6,3,Tétouan,35.5667,-5.3667
12,2026-09-19,26.9,19.0,0.0,0,18.5,35.3,2,Safi,32.2833,-9.2333
12,2026-09-20,24.3,20.6,0.0,0,10.3,20.2,2,Safi,32.2833,-9.2333
12,2026-09-21,26.8,19.2,0.0,0,7.6,16.2,45,Safi,32.2833,-9.2333
12,2026-09-22,28.8,18.5,0.0,0,12.3,24.5,45,Safi,32.2833,-9.2333
12,2026-09-23,33.4,20.4,0.0,0,14.1,29.2,3,Safi,32.2833,-9.2333
12,2026-09-24,39.7,24.5,0.0,0,18.4,36.0,2,Safi,32.2833,-9.2333
12,2026-09-25,33.9,23.5,0.0,0,20.4,41.0,3,Safi,32.2833,-9.2333
13,2026-09-19,30.8,20.0,0.0,20,33.5,57.2,3,Taourirt,34.41,-2.89
13,2026-09-20,31.5,21.5,0.0,0,30.1,50.0,45,Taourirt,34.41,-2.89
13,2026-09-21,29.7,20.0,0.0,0,28.4,47.2,3,Taourirt,34.41,-2.89
13,2026-09-22,30.3,18.2,0.0,0,24.1,39.2,45,Taourirt,34.41,-2.89
13,2026-09-23,32.3,17.6,0.0,0,23.2,40.3,0,Taourirt,34.41,-2.89
13,2026-09-24,33.0,17.4,0.0,0,15.5,28.8,0,Taourirt,34.41,-2.89
13,2026-09-25,34.7,19.8,0.0,0,15.5,27.7,3,Taourirt,34.41,-2.89
14,2026-09-19,28.8,16.7,0.0,0,11.0,29.9,2,Temara,33.9234,-6.9076
14,2026-09-20,32.1,19.0,0.0,0,10.7,29.9,1,Temara,33.9234,-6.9076
14,2026-09-21,31.3,21.1,0.0,0,11.3,31.7,2,Temara,33.9234,-6.9076
14,2026-09-22,30.5,19.5,0.0,0,11.4,31.0,0,Temara,33.9234,-6.9076
14,2026-09-23,30.5,18.3,0.0,0,11.0,30.2,0,Temara,33.9234,-6.9076
14,2026-09-24,30.2,17.9,0.0,0,10.9,23.8,0,Temara,33.9234,-6.9076
14,2026-09-25,24.8,17.5,0.0,3,9.3,21.2,3,Temara,33.9234,-6.9076
15,2026-09-19,29.0,18.5,0.0,0,22.6,45.4,2,Laâyoune,27.15,-13.2
15,2026-09-20,33.6,18.8,0.0,0,21.0,41.4,3,Laâyoune,27.15,-13.2
15,2026-09-21,38.8,21.7,0.0,1,23.4,45.4,1,Laâyoune,27.15,-13.2
15,2026-09-22,41.9,21.5,0.2,2,29.1,54.7,51,Laâyoune,27.15,-13.2
15,2026-09-23,42.2,26.9,0.0,2,27.9,54.0,3,Laâyoune,27.15,-13.2
15,2026-09-24,39.4,23.4,0.0,1,24.0,47.2,0,Laâyoune,27.15,-13.2
15,2026-09-25,30.5,20.3,0.0,2,19.4,43.2,3,Laâyoune,27.15,-13.2
16,2026-09-19,25.4,20.0,0.0,0,15.6,28.4,2,El Jadid,33.2566,-8.5025
16,2026-09-20,27.6,20.7,0.0,0,11.5,21.2,45,El Jadid,33.2566,-8.5025
16,2026-09-21,27.6,21.3,0.0,0,12.0,23.0,45,El Jadid,33.2566,-8.5025
16,2026-09-22,26.0,19.9,0.0,0,11.3,20.9,45,El Jadid,33.2566,-8.5025
16,2026-09-23,26.7,19.4,0.0,0,14.3,26.6,45,El Jadid,33.2566,-8.5025
16,2026-09-24,30.4,20.1,0.0,0,13.6,27.0,1,El Jadid,33.2566,-8.5025
16,2026-09-25,25.8,20.8,0.0,0,12.0,27.4,3,El Jadid,33.2566,-8.5025
17,2026-09-19,25.5,20.0,0.0,0,19.9,39.6,2,Ait Melloul,30.3342,-9.4972
17,2026-09-20,27.2,19.9,0.0,0,18.8,37.1,45,Ait Melloul,30.3342,-9.4972
17,2026-09-21,35.8,20.2,0.0,0,13.3,27.7,3,Ait Melloul,30.3342,-9.4972
17,2026-09-22,36.3,21.7,0.0,0,17.9,38.9,3,Ait Melloul,30.3342,-9.4972
17,2026-09-23,39.2,23.0,0.0,0,20.2,40.7,3,Ait Melloul,30.3342,-9.4972
17,2026-09-24,41.2,23.9,0.0,0,20.6,40.7,3,Ait Melloul,30.3342,-9.4972
17,2026-09-25,39.4,27.2,0.0,0,18.8,37.8,3,Ait Melloul,30.3342,-9.4972
18,2026-09-19,34.5,22.9,0.2,5,15.2,33.5,80,Béni Mellal,32.3394,-6.3608
18,2026-09-20,35.9,24.8,0.1,8,22.7,52.9,3,Béni Mellal,32.3394,-6.3608
18,2026-09-21,35.3,24.3,0.0,3,18.2,41.4,3,Béni Mellal,32.3394,-6.3608
18,2026-09-22,34.8,23.6,0.0,1,16.4,34.9,2,Béni Mellal,32.3394,-6.3608
18,2026-09-23,35.2,22.5,0.0,0,15.8,32.8,0,Béni Mellal,32.3394,-6.3608
18,2026-09-24,36.2,22.8,0.0,3,17.2,33.1,0,Béni Mellal,32.3394,-6.3608
18,2026-09-25,34.3,25.6,0.0,3,18.6,36.7,3,Béni Mellal,32.3394,-6.3608
19,2026-09-19,29.3,18.2,0.0,0,13.5,34.2,45,Bouskoura,33.4489,-7.6486
19,2026-09-20,34.2,20.2,0.0,0,14.6,36.4,1,Bouskoura,33.4489,-7.6486
19,2026-09-21,34.7,21.3,0.0,0,15.1,37.4,2,Bouskoura,33.4489,-7.6486
19,2026-09-22,33.2,19.7,0.0,0,12.4,31.7,1,Bouskoura,33.4489,-7.6486
19,2026-09-23,34.2,17.7,0.0,0,12.6,32.4,45,Bouskoura,33.4489,-7.6486
19,2026-09-24,32.2,18.6,0.0,0,10.9,29.2,0,Bouskoura,33.4489,-7.6486
19,2026-09-25,26.3,17.7,0.0,0,9.7,28.4,3,Bouskoura,33.4489,-7.6486
20,2026-09-19,27.2,19.1,0.0,0,14.0,25.2,2,Tiznit,29.7,-9.7269
20,2026-09-20,30.7,19.9,0.0,0,12.5,21.6,45,Tiznit,29.7,-9.7269
20,2026-09-21,37.0,22.4,0.0,0,15.7,26.6,3,Tiznit,29.7,-9.7269
20,2026-09-22,36.0,24.4,0.0,0,17.9,30.2,3,Tiznit,29.7,-9.7269
20,2026-09-23,38.6,25.0,0.0,0,16.3,27.0,3,Tiznit,29.7,-9.7269
20,2026-09-24,39.3,26.6,0.0,0,16.1,28.4,3,Tiznit,29.7,-9.7269
20,2026-09-25,34.3,26.1,0.0,0,18.4,30.6,3,Tiznit,29.7,-9.7269
21,2026-09-19,26.4,17.2,0.0,0,12.2,30.6,3,Mohammedia,33.6833,-7.3833
21,2026-09-20,28.7,19.2,0.0,0,11.3,28.1,1,Mohammedia,33.6833,-7.3833
21,2026-09-21,28.6,20.3,0.0,0,12.7,31.0,45,Mohammedia,33.6833,-7.3833
21,2026-09-22,27.5,19.4,0.0,0,10.8,27.4,45,Mohammedia,33.6833,-7.3833
21,2026-09-23,27.7,18.4,0.0,0,11.6,29.9,45,Mohammedia,33.6833,-7.3833
21,2026-09-24,34.6,17.4,0.0,0,15.0,28.4,0,Mohammedia,33.6833,-7.3833
21,2026-09-25,28.7,16.6,0.0,3,12.8,25.9,3,Mohammedia,33.6833,-7.3833
22,2026-09-19,33.5,18.7,0.0,0,16.9,37.1,2,Kouribga,32.88,-6.9
22,2026-09-20,34.9,22.0,0.1,13,25.0,48.6,80,Kouribga,32.88,-6.9
22,2026-09-21,34.8,22.0,0.0,3,23.7,44.6,3,Kouribga,32.88,-6.9
22,2026-09-22,34.0,21.1,0.0,0,16.3,31.7,2,Kouribga,32.88,-6.9
22,2026-09-23,34.4,19.2,0.0,0,12.2,23.8,0,Kouribga,32.88,-6.9
22,2026-09-24,34.1,19.6,0.0,0,16.7,34.2,0,Kouribga,32.88,-6.9
22,2026-09-25,31.7,16.5,0.0,3,19.2,41.4,3,Kouribga,32.88,-6.9
23,2026-09-19,33.6,17.2,0.0,0,15.5,33.5,2,Settat,33.0023,-7.6198
23,2026-09-20,36.5,21.1,0.1,0,17.0,37.1,2,Settat,33.0023,-7.6198
23,2026-09-21,37.6,21.8,0.0,3,22.4,47.9,2,Settat,33.0023,-7.6198
23,2026-09-22,36.4,20.1,0.0,0,15.5,33.1,0,Settat,33.0023,-7.6198
23,2026-09-23,37.2,17.7,0.0,0,14.1,32.8,0,Settat,33.0023,-7.6198
23,2026-09-24,36.8,18.8,0.0,0,17.1,35.3,1,Settat,33.0023,-7.6198
23,2026-09-25,33.3,18.6,0.0,3,16.6,34.2,3,Settat,33.0023,-7.6198
24,2026-09-19,32.7,16.7,0.0,0,15.5,28.4,2,Barrechid,33.27,-7.5872
24,2026-09-20,36.9,18.6,0.0,0,18.4,33.5,2,Barrechid,33.27,-7.5872
24,2026-09-21,37.5,19.8,0.0,0,19.8,36.0,2,Barrechid,33.27,-7.5872
24,2026-09-22,36.2,19.1,0.0,0,14.9,27.0,0,Barrechid,33.27,-7.5872
24,2026-09-23,36.9,16.3,0.0,0,16.1,29.9,1,Barrechid,33.27,-7.5872
24,2026-09-24,36.4,16.8,0.0,0,16.7,32.0,0,Barrechid,33.27,-7.5872
24,2026-09-25,31.3,18.2,0.0,3,15.8,31.3,3,Barrechid,33.27,-7.5872
25,2026-09-19,21.5,20.5,0.0,0,30.2,38.5,2,Ad Dakhla,23.7167,-15.95
25,2026-09-20,21.7,19.6,0.0,0,29.1,36.7,0,Ad Dakhla,23.7167,-15.95
25,2026-09-21,22.0,20.2,0.0,8,27.1,34.6,0,Ad Dakhla,23.7167,-15.95
25,2026-09-22,21.9,20.3,0.0,6,29.2,36.4,0,Ad Dakhla,23.7167,-15.95
25,2026-09-23,23.2,20.2,0.0,6,33.3,41.4,2,Ad Dakhla,23.7167,-15.95
25,2026-09-24,30.7,23.2,0.0,2,37.4,51.1,3,Ad Dakhla,23.7167,-15.95
25,2026-09-25,27.2,23.4,0.0,4,38.8,50.8,3,Ad Dakhla,23.7167,-15.95
26,2026-09-19,25.8,22.7,4.9,5,24.0,53.3,80,Nador,35.1667,-2.9333
26,2026-09-20,25.9,23.1,4.7,8,20.9,43.6,80,Nador,35.1667,-2.9333
26,2026-09-21,26.0,23.4,0.0,0,17.7,36.7,3,Nador,35.1667,-2.9333
26,2026-09-22,25.7,21.2,0.0,0,13.6,29.2,2,Nador,35.1667,-2.9333
26,2026-09-23,26.6,20.0,0.0,0,11.5,26.6,45,Nador,35.1667,-2.9333
26,2026-09-24,28.5,20.2,0.0,0,14.6,26.3,2,Nador,35.1667,-2.9333
26,2026-09-25,33.9,17.2,0.0,0,12.0,23.8,3,Nador,35.1667,-2.9333
27,2026-09-19,29.4,19.3,0.0,0,24.3,49.3,3,Taza,34.2144,-4.0088
27,2026-09-20,30.4,20.4,0.0,0,20.1,41.8,2,Taza,34.2144,-4.0088
27,2026-09-21,29.2,20.2,0.0,0,21.2,42.8,2,Taza,34.2144,-4.0088
27,2026-09-22,30.1,17.3,0.0,0,16.6,34.2,2,Taza,34.2144,-4.0088
27,2026-09-23,31.9,17.4,0.0,0,14.8,30.2,0,Taza,34.2144,-4.0088
27,2026-09-24,33.7,16.8,0.0,0,10.1,19.4,0,Taza,34.2144,-4.0088
27,2026-09-25,32.6,18.1,0.0,0,22.4,41.8,3,Taza,34.2144,-4.0088
28,2026-09-19,24.3,19.9,0.0,0,15.2,41.4,45,Inezgane,30.3658,-9.5381
28,2026-09-20,26.2,19.5,0.0,0,13.7,36.7,45,Inezgane,30.3658,-9.5381
28,2026-09-21,31.5,20.5,0.0,0,9.6,26.3,3,Inezgane,30.3658,-9.5381
28,2026-09-22,33.1,21.5,0.0,0,15.2,37.8,3,Inezgane,30.3658,-9.5381
28,2026-09-23,37.2,22.7,0.0,0,14.0,37.4,3,Inezgane,30.3658,-9.5381
28,2026-09-24,41.2,23.5,0.0,0,20.6,40.7,3,Inezgane,30.3658,-9.5381
28,2026-09-25,39.5,27.2,0.0,0,18.8,37.8,3,Inezgane,30.3658,-9.5381
29,2026-09-19,35.0,18.2,0.0,0,20.9,38.2,0,Larache,35.1833,-6.15
29,2026-09-20,34.9,24.3,0.0,0,18.0,33.5,0,Larache,35.1833,-6.15
29,2026-09-21,33.4,21.7,0.0,0,15.8,28.4,1,Larache,35.1833,-6.15
29,2026-09-22,32.2,19.5,0.0,0,16.2,29.5,0,Larache,35.1833,-6.15
29,2026-09-23,31.3,18.6,0.0,0,14.2,27.7,0,Larache,35.1833,-6.15
29,2026-09-24,31.5,18.4,0.0,0,13.0,24.5,2,Larache,35.1833,-6.15
29,2026-09-25,27.7,14.2,0.0,0,13.7,27.7,3,Larache,35.1833,-6.15
30,2026-09-19,34.5,18.2,0.0,0,11.6,28.1,2,Al Khmissat,33.81,-6.06
30,2026-09-20,37.0,20.8,0.0,0,15.8,32.0,2,Al Khmissat,33.81,-6.06
30,2026-09-21,36.4,21.3,0.0,0,15.6,32.0,2,Al Khmissat,33.81,-6.06
30,2026-09-22,35.0,19.5,0.0,0,15.9,33.5,0,Al Khmissat,33.81,-6.06
30,2026-09-23,35.4,19.2,0.0,0,12.3,27.7,0,Al Khmissat,33.81,-6.06
30,2026-09-24,35.2,18.8,0.0,0,16.4,29.2,0,Al Khmissat,33.81,-6.06
30,2026-09-25,32.3,13.9,0.0,0,15.0,27.7,3,Al Khmissat,33.81,-6.06
31,2026-09-19,30.0,18.5,0.0,0,21.9,37.1,3,Guelmim,28.9833,-10.0667
31,2026-09-20,37.8,17.9,0.0,0,21.7,36.7,1,Guelmim,28.9833,-10.0667
31,2026-09-21,39.8,23.4,0.0,0,27.2,44.6,3,Guelmim,28.9833,-10.0667
31,2026-09-22,39.8,25.0,0.0,0,23.2,37.4,2,Guelmim,28.9833,-10.0667
31,2026-09-23,38.9,21.6,0.0,0,26.0,46.4,3,Guelmim,28.9833,-10.0667
31,2026-09-24,35.2,16.3,0.0,0,19.3,37.4,2,Guelmim,28.9833,-10.0667
31,2026-09-25,32.5,15.8,0.0,4,15.8,38.9,3,Guelmim,28.9833,-10.0667
32,2026-09-19,35.8,18.8,0.0,0,10.8,22.0,1,Ksar El Kebir,35.0,-5.9
32,2026-09-20,37.3,23.2,0.0,0,16.9,31.0,1,Ksar El Kebir,35.0,-5.9
32,2026-09-21,36.9,22.3,0.0,0,16.0,30.6,0,Ksar El Kebir,35.0,-5.9
32,2026-09-22,35.8,20.2,0.0,0,11.0,20.9,0,Ksar El Kebir,35.0,-5.9
32,2026-09-23,36.0,19.2,0.0,0,15.3,31.0,0,Ksar El Kebir,35.0,-5.9
32,2026-09-24,35.7,18.9,0.0,0,17.6,34.6,1,Ksar El Kebir,35.0,-5.9
32,2026-09-25,32.1,16.3,0.0,0,17.7,37.4,3,Ksar El Kebir,35.0,-5.9
33,2026-09-19,33.2,19.9,0.0,20,14.8,33.8,3,Khénifra,32.93,-5.66
33,2026-09-20,34.8,19.3,0.0,3,14.9,41.0,2,Khénifra,32.93,-5.66
33,2026-09-21,34.7,20.4,0.0,0,22.5,41.4,3,Khénifra,32.93,-5.66
33,2026-09-22,33.3,18.1,0.0,0,14.8,28.4,2,Khénifra,32.93,-5.66
33,2026-09-23,33.4,16.8,0.0,0,12.5,25.2,1,Khénifra,32.93,-5.66
33,2026-09-24,33.4,15.9,0.0,0,15.1,28.1,0,Khénifra,32.93,-5.66
33,2026-09-25,31.7,16.9,0.0,5,19.1,34.9,3,Khénifra,32.93,-5.66
34,2026-09-19,26.9,16.8,0.0,0,11.7,26.6,2,Skhirate,33.85,-7.03
34,2026-09-20,28.6,19.0,0.0,0,11.6,26.3,1,Skhirate,33.85,-7.03
34,2026-09-21,28.2,20.7,0.0,0,12.8,29.2,2,Skhirate,33.85,-7.03
34,2026-09-22,27.8,19.3,0.0,0,12.1,27.7,45,Skhirate,33.85,-7.03
34,2026-09-23,27.4,18.3,0.0,0,11.8,27.4,1,Skhirate,33.85,-7.03
34,2026-09-24,29.4,17.6,0.0,0,10.9,23.8,1,Skhirate,33.85,-7.03
34,2026-09-25,24.9,17.6,0.0,0,9.3,21.2,3,Skhirate,33.85,-7.03
35,2026-09-19,28.3,15.9,0.0,0,15.6,29.2,2,Beni Yakhlef,33.6555,-7.3221
35,2026-09-20,32.7,18.6,0.0,0,15.8,30.2,1,Beni Yakhlef,33.6555,-7.3221
35,2026-09-21,32.3,20.2,0.0,0,17.5,32.4,2,Beni Yakhlef,33.6555,-7.3221
35,2026-09-22,31.5,18.9,0.0,0,14.8,28.1,1,Beni Yakhlef,33.6555,-7.3221
35,2026-09-23,31.5,17.0,0.0,0,15.5,29.9,1,Beni Yakhlef,33.6555,-7.3221
35,2026-09-24,34.1,16.9,0.0,0,15.0,28.4,0,Beni Yakhlef,33.6555,-7.3221
35,2026-09-25,28.2,16.1,0.0,3,12.8,25.9,3,Beni Yakhlef,33.6555,-7.3221
36,2026-09-19,30.9,16.9,0.0,0,13.8,28.4,2,Sidi Yahya Zaer,33.7105,-6.8831
36,2026-09-20,36.0,20.0,0.0,0,18.8,38.2,1,Sidi Yahya Zaer,33.7105,-6.8831
36,2026-09-21,35.3,21.2,0.0,0,18.8,37.8,2,Sidi Yahya Zaer,33.7105,-6.8831
36,2026-09-22,34.1,20.1,0.0,0,16.3,33.5,0,Sidi Yahya Zaer,33.7105,-6.8831
36,2026-09-23,34.1,18.4,0.0,0,15.3,32.4,0,Sidi Yahya Zaer,33.7105,-6.8831
36,2026-09-24,34.7,19.0,0.0,0,16.5,33.1,1,Sidi Yahya Zaer,33.7105,-6.8831
36,2026-09-25,29.7,14.1,0.0,0,13.6,28.8,3,Sidi Yahya Zaer,33.7105,-6.8831
37,2026-09-19,34.6,19.7,0.0,0,15.9,32.8,2,Ben Guerir,32.23,-7.95
37,2026-09-20,36.3,23.9,0.0,3,19.6,39.6,2,Ben Guerir,32.23,-7.95
37,2026-09-21,37.3,23.3,0.0,0,16.3,37.1,2,Ben Guerir,32.23,-7.95
37,2026-09-22,36.8,23.3,0.0,0,16.4,32.8,3,Ben Guerir,32.23,-7.95
37,2026-09-23,36.7,22.0,0.0,0,13.9,28.8,3,Ben Guerir,32.23,-7.95
37,2026-09-24,37.2,22.1,0.0,0,16.6,30.2,2,Ben Guerir,32.23,-7.95
37,2026-09-25,35.0,21.5,0.0,3,20.2,39.2,3,Ben Guerir,32.23,-7.95
38,2026-09-19,26.2,19.7,0.0,0,19.9,33.1,2,Ait Ali,30.1739,-9.4881
38,2026-09-20,27.8,19.8,0.0,0,19.2,31.7,3,Ait Ali,30.1739,-9.4881
38,2026-09-21,37.1,21.0,0.0,0,17.7,29.5,3,Ait Ali,30.1739,-9.4881
38,2026-09-22,38.0,22.3,0.0,0,23.3,42.1,3,Ait Ali,30.1739,-9.4881
38,2026-09-23,39.4,23.8,0.0,0,24.2,44.3,3,Ait Ali,30.1739,-9.4881
38,2026-09-24,40.3,24.8,0.0,0,21.9,38.9,3,Ait Ali,30.1739,-9.4881
38,2026-09-25,39.4,25.8,0.0,0,20.2,42.5,3,Ait Ali,30.1739,-9.4881
39,2026-09-19,25.8,20.1,0.0,0,17.0,36.7,45,My Drarga,30.3805,-9.4763
39,2026-09-20,27.8,20.0,0.0,0,15.0,32.4,45,My Drarga,30.3805,-9.4763
39,2026-09-21,35.2,21.4,0.0,0,11.3,24.5,3,My Drarga,30.3805,-9.4763
39,2026-09-22,35.6,22.5,0.0,0,18.4,36.7,3,My Drarga,30.3805,-9.4763
39,2026-09-23,38.8,23.9,0.0,0,17.7,34.6,3,My Drarga,30.3805,-9.4763
39,2026-09-24,41.1,25.0,0.0,0,20.6,40.7,3,My Drarga,30.3805,-9.4763
39,2026-09-25,39.3,27.1,0.0,0,18.8,37.8,3,My Drarga,30.3805,-9.4763
40,2026-09-19,26.4,19.6,0.0,0,21.3,45.0,45,Lqoliaa,30.2942,-9.4544
40,2026-09-20,28.4,19.6,0.0,0,20.9,44.3,45,Lqoliaa,30.2942,-9.4544
40,2026-09-21,38.6,19.8,0.0,0,14.4,32.0,3,Lqoliaa,30.2942,-9.4544
40,2026-09-22,38.5,21.4,0.0,0,20.7,43.6,3,Lqoliaa,30.2942,-9.4544
40,2026-09-23,39.4,22.7,0.0,0,22.4,48.6,3,Lqoliaa,30.2942,-9.4544
40,2026-09-24,40.3,23.4,0.0,0,18.4,40.7,3,Lqoliaa,30.2942,-9.4544
40,2026-09-25,38.9,24.0,0.0,0,19.6,46.1,3,Lqoliaa,30.2942,-9.4544
41,2026-09-19,35.9,20.6,0.0,3,16.8,29.2,3,El Kelaa des Srarhna,32.05,-7.4
41,2026-09-20,37.4,24.2,0.0,13,19.7,38.9,3,El Kelaa des Srarhna,32.05,-7.4
41,2026-09-21,37.3,23.0,0.0,0,15.7,27.4,2,El Kelaa des Srarhna,32.05,-7.4
41,2026-09-22,37.0,22.1,0.0,0,15.9,28.8,2,El Kelaa des Srarhna,32.05,-7.4
41,2026-09-23,36.7,20.4,0.0,0,15.4,27.0,1,El Kelaa des Srarhna,32.05,-7.4
41,2026-09-24,36.8,20.2,0.0,0,15.3,27.0,3,El Kelaa des Srarhna,32.05,-7.4
41,2026-09-25,34.9,18.2,0.0,3,18.5,30.6,3,El Kelaa des Srarhna,32.05,-7.4
42,2026-09-19,26.7,20.0,0.0,0,17.8,28.1,2,Moulay Abdallah,33.1978,-8.5883
42,2026-09-20,28.0,20.8,0.0,0,12.4,19.1,45,Moulay Abdallah,33.1978,-8.5883
42,2026-09-21,28.8,21.4,0.0,0,13.7,21.2,45,Moulay Abdallah,33.1978,-8.5883
42,2026-09-22,27.3,20.1,0.0,0,12.5,19.4,45,Moulay Abdallah,33.1978,-8.5883
42,2026-09-23,29.8,19.9,0.0,0,15.4,25.2,45,Moulay Abdallah,33.1978,-8.5883
42,2026-09-24,32.3,20.1,0.0,0,14.4,28.1,1,Moulay Abdallah,33.1978,-8.5883
42,2026-09-25,26.5,20.6,0.0,0,13.5,29.2,3,Moulay Abdallah,33.1978,-8.5883
43,2026-09-19,34.4,18.2,0.0,0,14.7,32.8,2,Tiflet,33.9,-6.33
43,2026-09-20,37.1,20.8,0.0,0,16.5,33.5,2,Tiflet,33.9,-6.33
43,2026-09-21,36.2,21.9,0.0,0,16.0,32.4,2,Tiflet,33.9,-6.33
43,2026-09-22,35.1,20.5,0.0,0,16.2,32.8,0,Tiflet,33.9,-6.33
43,2026-09-23,35.5,21.2,0.0,0,15.2,31.7,0,Tiflet,33.9,-6.33
43,2026-09-24,35.5,19.9,0.0,0,14.4,34.6,0,Tiflet,33.9,-6.33
43,2026-09-25,31.7,17.5,0.0,0,15.5,31.7,3,Tiflet,33.9,-6.33
44,2026-09-19,29.0,19.1,0.0,0,24.9,45.4,2,Oulad Teïma,30.4,-9.21
44,2026-09-20,32.2,19.2,0.0,0,24.3,43.2,45,Oulad Teïma,30.4,-9.21
44,2026-09-21,40.3,20.2,0.0,0,20.4,37.8,3,Oulad Teïma,30.4,-9.21
44,2026-09-22,40.3,21.4,0.0,0,29.1,55.4,3,Oulad Teïma,30.4,-9.21
44,2026-09-23,41.5,22.1,0.0,0,24.6,42.5,3,Oulad Teïma,30.4,-9.21
44,2026-09-24,41.4,22.6,0.0,0,31.0,52.2,3,Oulad Teïma,30.4,-9.21
44,2026-09-25,39.0,23.6,0.0,0,31.6,55.4,3,Oulad Teïma,30.4,-9.21
45,2026-09-19,27.0,20.2,0.0,5,19.3,40.0,45,Berkane,34.9167,-2.3167
45,2026-09-20,27.9,21.3,0.0,0,16.8,35.6,45,Berkane,34.9167,-2.3167
45,2026-09-21,26.9,19.8,0.0,3,19.5,41.0,45,Berkane,34.9167,-2.3167
45,2026-09-22,26.7,17.1,0.0,0,16.6,35.3,1,Berkane,34.9167,-2.3167
45,2026-09-23,27.9,17.5,0.0,0,12.9,29.5,1,Berkane,34.9167,-2.3167
45,2026-09-24,30.0,17.2,0.0,0,12.6,24.5,0,Berkane,34.9167,-2.3167
45,2026-09-25,34.1,20.1,0.0,0,14.1,28.1,3,Berkane,34.9167,-2.3167
46,2026-09-19,31.2,15.8,0.0,0,14.2,28.1,2,Ain El Aouda,33.8111,-6.7922
46,2026-09-20,36.1,18.3,0.0,0,16.5,33.1,2,Ain El Aouda,33.8111,-6.7922
46,2026-09-21,34.9,20.4,0.0,0,16.4,33.1,2,Ain El Aouda,33.8111,-6.7922
46,2026-09-22,34.2,19.1,0.0,0,15.5,31.3,0,Ain El Aouda,33.8111,-6.7922
46,2026-09-23,33.9,17.1,0.0,0,14.0,28.8,0,Ain El Aouda,33.8111,-6.7922
46,2026-09-24,35.2,17.0,0.0,0,16.9,32.8,0,Ain El Aouda,33.8111,-6.7922
46,2026-09-25,30.8,15.1,0.0,0,13.3,26.6,3,Ain El Aouda,33.8111,-6.7922
47,2026-09-19,28.9,20.2,1.0,73,12.0,30.6,80,Errachidia,31.9319,-4.4244
47,2026-09-20,29.5,19.1,0.0,13,12.0,24.1,3,Errachidia,31.9319,-4.4244
47,2026-09-21,30.4,19.4,0.0,15,12.6,25.6,3,Errachidia,31.9319,-4.4244
47,2026-09-22,29.4,18.1,0.0,2,13.3,26.3,3,Errachidia,31.9319,-4.4244
47,2026-09-23,29.3,17.9,0.0,0,8.7,20.2,1,Errachidia,31.9319,-4.4244
47,2026-09-24,30.7,18.5,0.0,0,8.8,18.7,1,Errachidia,31.9319,-4.4244
47,2026-09-25,31.4,19.1,0.0,5,8.7,15.5,3,Errachidia,31.9319,-4.4244
48,2026-09-19,37.1,20.1,0.0,3,13.2,25.9,2,Al Fqih Ben Çalah,32.507,-6.6886
48,2026-09-20,38.3,22.8,0.0,5,22.3,41.0,3,Al Fqih Ben Çalah,32.507,-6.6886
48,2026-09-21,37.5,20.6,0.0,0,15.8,28.8,3,Al Fqih Ben Çalah,32.507,-6.6886
48,2026-09-22,37.3,21.1,0.0,0,13.3,24.8,2,Al Fqih Ben Çalah,32.507,-6.6886
48,2026-09-23,37.4,18.3,0.0,0,11.5,20.9,0,Al Fqih Ben Çalah,32.507,-6.6886
48,2026-09-24,37.8,17.5,0.0,0,12.4,21.6,1,Al Fqih Ben Çalah,32.507,-6.6886
48,2026-09-25,35.9,16.5,0.0,0,16.0,32.0,3,Al Fqih Ben Çalah,32.507,-6.6886
49,2026-09-19,30.0,17.6,0.0,0,14.6,28.8,45,Ad Darwa,33.4167,-7.5333
49,2026-09-20,35.3,19.6,0.0,0,15.8,31.7,1,Ad Darwa,33.4167,-7.5333
49,2026-09-21,35.3,20.8,0.0,0,16.9,33.1,2,Ad Darwa,33.4167,-7.5333
49,2026-09-22,34.0,19.6,0.0,0,13.8,27.4,0,Ad Darwa,33.4167,-7.5333
49,2026-09-23,34.5,17.4,0.0,0,13.7,28.4,45,Ad Darwa,33.4167,-7.5333
49,2026-09-24,36.5,18.0,0.0,0,16.8,33.1,0,Ad Darwa,33.4167,-7.5333
49,2026-09-25,31.3,16.3,0.0,3,14.3,30.2,3,Ad Darwa,33.4167,-7.5333
50,2026-09-19,24.8,22.0,4.0,40,27.6,60.8,80,Martil,35.61,-5.27
50,2026-09-20,24.8,22.8,2.8,25,26.6,59.4,80,Martil,35.61,-5.27
50,2026-09-21,25.5,21.9,0.0,3,21.4,45.4,2,Martil,35.61,-5.27
50,2026-09-22,24.9,21.3,0.0,0,18.2,38.9,2,Martil,35.61,-5.27
50,2026-09-23,24.9,20.4,0.0,0,14.1,31.3,45,Martil,35.61,-5.27
50,2026-09-24,25.3,20.2,0.0,0,10.6,19.8,45,Martil,35.61,-5.27
50,2026-09-25,32.9,18.3,0.0,0,20.8,35.3,45,Martil,35.61,-5.27
51,2026-09-19,37.3,19.2,0.0,0,12.3,27.0,1,Sidi Slimane,34.26,-5.93
51,2026-09-20,38.9,23.3,0.0,0,14.4,31.7,1,Sidi Slimane,34.26,-5.93
51,2026-09-21,38.4,21.8,0.0,0,15.8,30.2,1,Sidi Slimane,34.26,-5.93
51,2026-09-22,37.1,20.9,0.0,0,14.4,25.6,0,Sidi Slimane,34.26,-5.93
51,2026-09-23,37.6,18.5,0.0,0,13.6,34.6,0,Sidi Slimane,34.26,-5.93
51,2026-09-24,36.9,18.4,0.0,0,16.1,37.1,0,Sidi Slimane,34.26,-5.93
51,2026-09-25,31.9,16.2,0.0,0,17.9,32.0,45,Sidi Slimane,34.26,-5.93
52,2026-09-19,33.9,19.6,0.0,0,18.2,38.2,2,Oued Zem,32.8619,-6.5711
52,2026-09-20,34.7,22.3,0.0,5,22.8,45.7,3,Oued Zem,32.8619,-6.5711
52,2026-09-21,34.7,22.4,0.0,0,24.6,49.0,3,Oued Zem,32.8619,-6.5711
52,2026-09-22,34.1,21.3,0.0,0,13.6,29.5,2,Oued Zem,32.8619,-6.5711
52,2026-09-23,34.4,19.4,0.0,0,10.2,29.2,0,Oued Zem,32.8619,-6.5711
52,2026-09-24,34.1,20.1,0.0,0,13.0,29.5,1,Oued Zem,32.8619,-6.5711
52,2026-09-25,31.9,17.3,0.0,0,21.4,40.3,3,Oued Zem,32.8619,-6.5711
53,2026-09-19,30.3,20.0,0.7,13,18.8,41.4,80,Sefrou,33.83,-4.83
53,2026-09-20,32.0,21.4,0.0,0,17.4,37.8,1,Sefrou,33.83,-4.83
53,2026-09-21,31.6,21.5,0.0,0,16.6,36.4,1,Sefrou,33.83,-4.83
53,2026-09-22,30.7,19.6,0.0,0,17.1,37.4,0,Sefrou,33.83,-4.83
53,2026-09-23,31.1,20.5,0.0,0,15.9,34.9,0,Sefrou,33.83,-4.83
53,2026-09-24,32.3,20.7,0.0,0,14.3,29.2,0,Sefrou,33.83,-4.83
53,2026-09-25,29.6,16.0,0.0,5,15.8,30.2,3,Sefrou,33.83,-4.83
54,2026-09-19,31.8,20.9,0.0,0,23.0,45.0,2,Taroudannt,30.4711,-8.8778
54,2026-09-20,36.6,22.5,0.0,0,22.7,45.4,2,Taroudannt,30.4711,-8.8778
54,2026-09-21,39.7,21.6,0.0,0,26.5,51.5,3,Taroudannt,30.4711,-8.8778
54,2026-09-22,40.7,22.8,0.0,0,32.8,63.4,3,Taroudannt,30.4711,-8.8778
54,2026-09-23,41.8,23.6,0.0,0,21.4,49.7,3,Taroudannt,30.4711,-8.8778
54,2026-09-24,42.0,23.7,0.0,0,29.8,57.6,3,Taroudannt,30.4711,-8.8778
54,2026-09-25,40.9,21.2,0.0,0,27.7,53.6,3,Taroudannt,30.4711,-8.8778
55,2026-09-19,24.3,18.5,0.0,0,20.5,39.6,2,Essaouira,31.513,-9.7687
55,2026-09-20,25.5,19.5,0.0,0,13.9,27.4,3,Essaouira,31.513,-9.7687
55,2026-09-21,26.5,19.4,0.0,0,8.2,17.3,3,Essaouira,31.513,-9.7687
55,2026-09-22,24.4,18.9,0.0,0,11.0,22.3,3,Essaouira,31.513,-9.7687
55,2026-09-23,32.2,19.6,0.0,0,20.9,42.1,3,Essaouira,31.513,-9.7687
55,2026-09-24,41.6,22.5,0.0,0,21.1,40.7,3,Essaouira,31.513,-9.7687
55,2026-09-25,39.3,26.7,0.0,0,25.4,50.4,3,Essaouira,31.513,-9.7687
56,2026-09-19,28.1,19.0,0.1,35,13.1,37.1,2,Azrou,33.4344,-5.2213
56,2026-09-20,28.7,18.7,0.0,8,15.6,41.0,3,Azrou,33.4344,-5.2213
56,2026-09-21,28.8,18.5,0.0,0,19.8,43.9,2,Azrou,33.4344,-5.2213
56,2026-09-22,28.0,15.4,0.0,0,16.7,38.2,1,Azrou,33.4344,-5.2213
56,2026-09-23,28.5,16.1,0.0,0,11.7,26.3,1,Azrou,33.4344,-5.2213
56,2026-09-24,28.7,16.8,0.0,0,16.1,38.9,0,Azrou,33.4344,-5.2213
56,2026-09-25,26.7,17.4,0.0,5,21.0,49.7,3,Azrou,33.4344,-5.2213
57,2026-09-19,30.8,20.9,0.0,23,28.0,57.2,3,Guercif,34.23,-3.36
57,2026-09-20,32.1,21.6,0.0,0,27.7,53.6,3,Guercif,34.23,-3.36
57,2026-09-21,30.3,20.8,0.0,0,29.5,55.8,3,Guercif,34.23,-3.36
57,2026-09-22,31.2,17.2,0.0,0,22.9,43.6,45,Guercif,34.23,-3.36
57,2026-09-23,32.8,17.1,0.0,0,21.7,42.5,0,Guercif,34.23,-3.36
57,2026-09-24,33.7,16.0,0.0,0,19.6,33.8,0,Guercif,34.23,-3.36
57,2026-09-25,35.7,17.3,0.0,0,14.6,25.9,3,Guercif,34.23,-3.36
58,2026-09-19,30.5,19.1,0.1,13,22.0,38.9,3,Warzat,30.9167,-6.9167
58,2026-09-20,30.0,18.5,1.8,23,14.2,32.8,95,Warzat,30.9167,-6.9167
58,2026-09-21,31.7,19.0,1.7,15,18.9,36.4,80,Warzat,30.9167,-6.9167
58,2026-09-22,33.7,16.9,0.0,0,27.8,51.5,1,Warzat,30.9167,-6.9167
58,2026-09-23,32.9,15.6,0.0,0,22.8,39.2,1,Warzat,30.9167,-6.9167
58,2026-09-24,34.1,16.2,0.0,3,24.0,46.4,1,Warzat,30.9167,-6.9167
58,2026-09-25,32.9,16.3,0.0,7,22.5,42.5,3,Warzat,30.9167,-6.9167
59,2026-09-19,24.9,21.3,2.2,40,28.2,51.5,80,Fnidq,35.8414,-5.3587
59,2026-09-20,24.8,22.6,1.6,25,22.2,42.8,80,Fnidq,35.8414,-5.3587
59,2026-09-21,25.5,21.7,0.0,3,21.4,40.3,2,Fnidq,35.8414,-5.3587
59,2026-09-22,24.7,21.3,0.0,0,17.0,33.5,2,Fnidq,35.8414,-5.3587
59,2026-09-23,24.5,20.4,0.0,0,15.0,29.5,45,Fnidq,35.8414,-5.3587
59,2026-09-24,25.2,20.0,0.0,0,10.6,19.8,45,Fnidq,35.8414,-5.3587
59,2026-09-25,32.9,18.2,0.0,0,20.8,35.3,45,Fnidq,35.8414,-5.3587
60,2026-09-19,26.7,19.4,0.0,0,19.7,37.4,3,Tan-Tan,28.4333,-11.1
60,2026-09-20,31.8,18.3,0.0,0,19.0,36.0,3,Tan-Tan,28.4333,-11.1
60,2026-09-21,41.4,18.5,0.0,0,24.3,43.9,3,Tan-Tan,28.4333,-11.1
60,2026-09-22,40.2,23.8,0.0,0,24.2,44.6,3,Tan-Tan,28.4333,-11.1
60,2026-09-23,38.3,22.1,0.0,0,22.6,43.9,2,Tan-Tan,28.4333,-11.1
60,2026-09-24,30.8,18.6,0.0,0,18.8,37.4,3,Tan-Tan,28.4333,-11.1
60,2026-09-25,26.9,19.0,0.0,2,13.5,34.6,3,Tan-Tan,28.4333,-11.1
61,2026-09-19,36.7,20.9,0.0,0,17.6,36.4,1,Sidi Qacem,34.21,-5.7
61,2026-09-20,38.1,25.0,0.0,0,15.0,35.6,1,Sidi Qacem,34.21,-5.7
61,2026-09-21,37.9,23.2,0.0,0,11.0,23.8,0,Sidi Qacem,34.21,-5.7
61,2026-09-22,36.6,22.2,0.0,0,9.1,20.5,0,Sidi Qacem,34.21,-5.7
61,2026-09-23,37.0,19.3,0.0,0,10.8,24.1,0,Sidi Qacem,34.21,-5.7
61,2026-09-24,36.7,19.5,0.0,0,18.7,37.4,0,Sidi Qacem,34.21,-5.7
61,2026-09-25,32.7,17.2,0.0,0,14.8,29.5,3,Sidi Qacem,34.21,-5.7
62,2026-09-19,24.6,21.9,4.0,0,27.6,60.8,80,M’diq,35.68,-5.32
62,2026-09-20,24.7,22.7,2.8,0,26.6,59.4,80,M’diq,35.68,-5.32
62,2026-09-21,25.3,21.7,0.0,0,21.4,45.4,2,M’diq,35.68,-5.32
62,2026-09-22,24.8,21.2,0.0,0,18.2,38.9,2,M’diq,35.68,-5.32
62,2026-09-23,24.7,20.2,0.0,0,14.1,31.3,45,M’diq,35.68,-5.32
62,2026-09-24,28.5,19.6,0.0,0,13.3,33.1,45,M’diq,35.68,-5.32
62,2026-09-25,33.4,16.7,0.0,0,18.2,44.6,3,M’diq,35.68,-5.32
63,2026-09-19,33.9,17.4,0.0,0,15.8,33.8,2,Youssoufia,32.25,-8.53
63,2026-09-20,35.1,22.7,0.0,3,18.1,38.5,2,Youssoufia,32.25,-8.53
63,2026-09-21,37.0,22.2,0.0,0,16.3,33.8,3,Youssoufia,32.25,-8.53
63,2026-09-22,37.7,20.8,0.0,0,18.5,38.9,1,Youssoufia,32.25,-8.53
63,2026-09-23,37.9,20.4,0.0,0,14.8,31.0,3,Youssoufia,32.25,-8.53
63,2026-09-24,38.5,21.4,0.0,0,19.1,35.3,1,Youssoufia,32.25,-8.53
63,2026-09-25,35.9,22.7,0.0,0,24.5,45.4,3,Youssoufia,32.25,-8.53
64,2026-09-19,26.2,13.3,0.2,63,16.6,30.2,45,Midalt,32.68,-4.74
64,2026-09-20,28.3,14.2,0.0,18,30.2,62.3,3,Midalt,32.68,-4.74
64,2026-09-21,29.1,14.8,0.0,0,23.2,41.8,2,Midalt,32.68,-4.74
64,2026-09-22,28.0,14.9,0.0,0,21.3,37.8,3,Midalt,32.68,-4.74
64,2026-09-23,29.0,13.4,0.0,0,21.6,34.9,1,Midalt,32.68,-4.74
64,2026-09-24,29.6,13.2,0.0,0,22.7,36.4,0,Midalt,32.68,-4.74
64,2026-09-25,28.1,12.5,0.0,5,30.2,47.9,3,Midalt,32.68,-4.74
65,2026-09-19,27.2,17.3,0.0,0,11.6,32.0,45,Aïn Harrouda,33.6372,-7.4483
65,2026-09-20,30.6,19.1,0.0,0,10.9,31.0,1,Aïn Harrouda,33.6372,-7.4483
65,2026-09-21,30.6,20.6,0.0,0,12.2,33.5,2,Aïn Harrouda,33.6372,-7.4483
65,2026-09-22,29.6,19.4,0.0,0,10.7,29.5,45,Aïn Harrouda,33.6372,-7.4483
65,2026-09-23,29.6,17.9,0.0,0,10.4,30.6,45,Aïn Harrouda,33.6372,-7.4483
65,2026-09-24,30.8,17.5,0.0,0,11.7,27.4,0,Aïn Harrouda,33.6372,-7.4483
65,2026-09-25,26.4,17.4,0.0,3,9.9,26.3,3,Aïn Harrouda,33.6372,-7.4483
66,2026-09-19,37.4,20.8,0.1,0,13.5,24.1,3,Souq Sebt Oulad Nemma,32.3,-6.7
66,2026-09-20,38.8,23.3,0.2,3,12.7,31.7,3,Souq Sebt Oulad Nemma,32.3,-6.7
66,2026-09-21,38.0,23.3,0.0,0,12.0,21.6,3,Souq Sebt Oulad Nemma,32.3,-6.7
66,2026-09-22,37.7,23.1,0.0,0,13.8,24.1,2,Souq Sebt Oulad Nemma,32.3,-6.7
66,2026-09-23,37.8,20.4,0.0,0,11.9,21.2,0,Souq Sebt Oulad Nemma,32.3,-6.7
66,2026-09-24,38.1,19.3,0.0,0,12.9,23.0,1,Souq Sebt Oulad Nemma,32.3,-6.7
66,2026-09-25,36.1,18.2,0.0,0,15.8,29.9,3,Souq Sebt Oulad Nemma,32.3,-6.7
67,2026-09-19,31.3,18.0,0.0,0,14.2,31.3,1,Mehdya,34.2557,-6.6745
67,2026-09-20,35.6,20.0,0.0,0,11.7,28.1,1,Mehdya,34.2557,-6.6745
67,2026-09-21,33.2,20.9,0.0,0,11.4,27.4,2,Mehdya,34.2557,-6.6745
67,2026-09-22,30.5,20.1,0.0,0,12.1,28.1,0,Mehdya,34.2557,-6.6745
67,2026-09-23,31.3,18.9,0.0,0,11.9,28.1,0,Mehdya,34.2557,-6.6745
67,2026-09-24,31.9,18.4,0.0,0,12.1,28.1,2,Mehdya,34.2557,-6.6745
67,2026-09-25,28.3,16.7,0.0,0,10.8,27.0,45,Mehdya,34.2557,-6.6745
68,2026-09-19,35.5,17.7,0.0,0,17.8,37.8,1,Ouezzane,34.8,-5.6
68,2026-09-20,36.3,21.5,0.0,0,15.1,29.5,2,Ouezzane,34.8,-5.6
68,2026-09-21,36.2,20.5,0.0,0,13.2,25.9,0,Ouezzane,34.8,-5.6
68,2026-09-22,35.2,18.4,0.0,0,9.3,18.4,0,Ouezzane,34.8,-5.6
68,2026-09-23,35.7,17.9,0.0,0,14.8,27.7,0,Ouezzane,34.8,-5.6
68,2026-09-24,36.1,19.1,0.0,0,14.6,37.8,0,Ouezzane,34.8,-5.6
68,2026-09-25,31.3,15.7,0.0,0,18.7,35.6,3,Ouezzane,34.8,-5.6
69,2026-09-19,31.7,19.7,0.0,0,15.6,28.4,3,Semara,26.7394,-11.6703
69,2026-09-20,37.9,18.8,0.0,0,21.6,37.4,3,Semara,26.7394,-11.6703
69,2026-09-21,42.3,24.6,0.0,14,21.3,36.4,3,Semara,26.7394,-11.6703
69,2026-09-22,41.6,27.5,0.0,4,27.8,45.7,3,Semara,26.7394,-11.6703
69,2026-09-23,41.4,27.2,0.0,1,31.0,53.6,3,Semara,26.7394,-11.6703
69,2026-09-24,40.0,23.7,0.0,0,26.9,51.5,1,Semara,26.7394,-11.6703
69,2026-09-25,35.4,19.4,0.0,2,14.3,35.6,3,Semara,26.7394,-11.6703
70,2026-09-19,34.7,19.9,0.1,18,11.2,23.0,3,Ait Ourir,31.5644,-7.6628
70,2026-09-20,35.2,24.6,0.2,15,16.1,29.5,3,Ait Ourir,31.5644,-7.6628
70,2026-09-21,35.6,23.3,0.0,8,16.9,31.7,2,Ait Ourir,31.5644,-7.6628
70,2026-09-22,35.7,23.5,0.0,3,13.2,25.6,0,Ait Ourir,31.5644,-7.6628
70,2026-09-23,35.8,20.6,0.0,0,14.6,27.4,1,Ait Ourir,31.5644,-7.6628
70,2026-09-24,36.1,21.0,0.0,3,11.9,24.5,2,Ait Ourir,31.5644,-7.6628
70,2026-09-25,34.6,19.6,0.0,3,14.8,28.8,3,Ait Ourir,31.5644,-7.6628
71,2026-09-19,33.4,19.7,0.1,5,18.1,35.6,2,Oulad Tayeb,33.9598,-4.9954
71,2026-09-20,35.4,20.7,0.0,0,14.1,27.4,1,Oulad Tayeb,33.9598,-4.9954
71,2026-09-21,34.9,20.8,0.0,0,14.1,28.4,2,Oulad Tayeb,33.9598,-4.9954
71,2026-09-22,34.0,19.3,0.0,0,10.8,21.6,0,Oulad Tayeb,33.9598,-4.9954
71,2026-09-23,34.5,19.1,0.0,0,13.4,27.4,0,Oulad Tayeb,33.9598,-4.9954
71,2026-09-24,34.7,20.0,0.0,0,11.3,28.1,0,Oulad Tayeb,33.9598,-4.9954
71,2026-09-25,31.8,19.6,0.0,0,13.4,33.5,3,Oulad Tayeb,33.9598,-4.9954
72,2026-09-19,27.4,17.4,0.0,0,12.1,32.8,45,Tit Mellil,33.5533,-7.4822
72,2026-09-20,31.6,19.2,0.0,0,11.8,32.8,1,Tit Mellil,33.5533,-7.4822
72,2026-09-21,31.4,20.8,0.0,0,12.9,35.3,2,Tit Mellil,33.5533,-7.4822
72,2026-09-22,30.3,19.4,0.0,0,11.0,30.6,1,Tit Mellil,33.5533,-7.4822
72,2026-09-23,30.7,17.5,0.0,0,11.2,31.3,45,Tit Mellil,33.5533,-7.4822
72,2026-09-24,31.9,17.9,0.0,0,10.9,29.2,0,Tit Mellil,33.5533,-7.4822
72,2026-09-25,26.5,17.9,0.0,0,9.7,28.4,3,Tit Mellil,33.5533,-7.4822
73,2026-09-19,33.3,16.6,0.0,0,18.9,33.5,3,Sidi Bennour,32.655,-8.4292
73,2026-09-20,36.2,20.0,0.0,0,17.8,31.3,2,Sidi Bennour,32.655,-8.4292
73,2026-09-21,37.5,19.6,0.0,0,17.7,31.0,2,Sidi Bennour,32.655,-8.4292
73,2026-09-22,37.2,17.1,0.0,0,17.7,31.7,3,Sidi Bennour,32.655,-8.4292
73,2026-09-23,38.7,16.6,0.0,0,15.9,29.2,0,Sidi Bennour,32.655,-8.4292
73,2026-09-24,38.5,18.3,0.0,0,17.7,34.2,1,Sidi Bennour,32.655,-8.4292
73,2026-09-25,33.2,18.5,0.0,0,18.1,35.6,3,Sidi Bennour,32.655,-8.4292
74,2026-09-19,26.8,19.8,0.0,0,21.1,43.6,45,Temsia,30.3633,-9.4144
74,2026-09-20,29.3,19.5,0.0,0,18.1,38.2,45,Temsia,30.3633,-9.4144
74,2026-09-21,38.9,20.5,0.0,0,15.1,32.0,3,Temsia,30.3633,-9.4144
74,2026-09-22,38.5,21.8,0.0,0,21.6,45.0,3,Temsia,30.3633,-9.4144
74,2026-09-23,39.9,23.4,0.0,0,20.7,42.8,3,Temsia,30.3633,-9.4144
74,2026-09-24,41.9,24.6,0.0,0,31.0,52.2,3,Temsia,30.3633,-9.4144
74,2026-09-25,39.5,24.1,0.0,0,31.6,55.4,3,Temsia,30.3633,-9.4144
75,2026-09-19,27.6,19.7,0.0,0,20.2,33.8,2,Biougra,30.2144,-9.3708
75,2026-09-20,29.8,19.7,0.0,0,20.5,34.6,1,Biougra,30.2144,-9.3708
75,2026-09-21,39.3,21.6,0.0,0,17.9,29.9,3,Biougra,30.2144,-9.3708
75,2026-09-22,39.0,23.0,0.0,0,26.2,44.6,3,Biougra,30.2144,-9.3708
75,2026-09-23,39.3,24.5,0.0,0,25.9,47.9,3,Biougra,30.2144,-9.3708
75,2026-09-24,40.9,26.0,0.0,0,26.2,44.3,3,Biougra,30.2144,-9.3708
75,2026-09-25,39.1,23.0,0.0,0,27.1,50.4,3,Biougra,30.2144,-9.3708
76,2026-09-19,27.6,21.3,0.0,0,28.6,51.5,2,Al Hoceïma,35.2472,-3.9322
76,2026-09-20,28.0,23.3,0.0,5,24.9,44.3,3,Al Hoceïma,35.2472,-3.9322
76,2026-09-21,28.8,20.8,0.0,0,24.2,42.8,2,Al Hoceïma,35.2472,-3.9322
76,2026-09-22,27.3,17.4,0.0,0,16.3,29.2,1,Al Hoceïma,35.2472,-3.9322
76,2026-09-23,26.5,18.1,0.0,0,11.9,21.6,45,Al Hoceïma,35.2472,-3.9322
76,2026-09-24,26.8,18.6,0.0,0,7.7,15.3,45,Al Hoceïma,35.2472,-3.9322
76,2026-09-25,31.6,19.9,0.0,0,7.6,15.5,3,Al Hoceïma,35.2472,-3.9322
77,2026-09-19,36.5,20.1,0.0,3,12.8,27.0,2,Qasbat Tadla,32.6,-6.26
77,2026-09-20,38.2,21.9,0.0,3,17.9,33.1,3,Qasbat Tadla,32.6,-6.26
77,2026-09-21,37.5,21.0,0.0,0,14.6,30.6,3,Qasbat Tadla,32.6,-6.26
77,2026-09-22,36.5,21.2,0.0,0,11.6,22.0,2,Qasbat Tadla,32.6,-6.26
77,2026-09-23,36.7,17.8,0.0,0,9.1,17.6,0,Qasbat Tadla,32.6,-6.26
77,2026-09-24,36.7,16.7,0.0,0,12.4,23.0,0,Qasbat Tadla,32.6,-6.26
77,2026-09-25,35.1,14.6,0.0,3,15.5,29.9,3,Qasbat Tadla,32.6,-6.26
78,2026-09-19,27.7,18.3,0.0,43,13.9,37.4,3,Aziylal,31.96,-6.56
78,2026-09-20,28.5,20.1,0.2,18,14.6,42.5,3,Aziylal,31.96,-6.56
78,2026-09-21,28.0,19.4,0.1,5,18.2,38.5,2,Aziylal,31.96,-6.56
78,2026-09-22,28.6,18.1,0.0,0,20.1,42.8,2,Aziylal,31.96,-6.56
78,2026-09-23,29.1,17.0,0.0,0,18.4,38.5,0,Aziylal,31.96,-6.56
78,2026-09-24,29.4,17.5,0.0,0,20.6,43.2,1,Aziylal,31.96,-6.56
78,2026-09-25,27.5,17.0,0.0,3,18.9,39.2,3,Aziylal,31.96,-6.56
79,2026-09-19,34.9,20.5,0.0,0,15.7,32.8,2,Boujad,32.7741,-6.3925
79,2026-09-20,36.1,21.5,0.0,3,20.9,41.8,3,Boujad,32.7741,-6.3925
79,2026-09-21,35.3,21.5,0.0,0,18.0,36.7,2,Boujad,32.7741,-6.3925
79,2026-09-22,34.5,21.0,0.0,0,13.2,26.3,2,Boujad,32.7741,-6.3925
79,2026-09-23,34.8,19.2,0.0,0,10.8,19.1,0,Boujad,32.7741,-6.3925
79,2026-09-24,34.3,19.1,0.0,0,10.8,28.8,1,Boujad,32.7741,-6.3925
79,2026-09-25,32.8,18.1,0.0,0,19.9,40.0,3,Boujad,32.7741,-6.3925
80,2026-09-19,26.4,21.3,0.0,0,29.5,53.3,45,Al Aaroui,35.0104,-3.0073
80,2026-09-20,27.3,22.3,0.0,8,26.7,46.4,3,Al Aaroui,35.0104,-3.0073
80,2026-09-21,27.1,21.0,0.0,0,25.7,44.6,2,Al Aaroui,35.0104,-3.0073
80,2026-09-22,27.2,17.4,0.0,0,23.2,40.7,45,Al Aaroui,35.0104,-3.0073
80,2026-09-23,28.6,17.3,0.0,0,19.1,33.5,45,Al Aaroui,35.0104,-3.0073
80,2026-09-24,32.0,16.3,0.0,0,17.4,31.3,0,Al Aaroui,35.0104,-3.0073
80,2026-09-25,34.9,18.1,0.0,0,16.3,29.5,3,Al Aaroui,35.0104,-3.0073
81,2026-09-19,31.3,18.0,0.0,25,16.6,33.8,3,Mrirt,33.1654,-5.5634
81,2026-09-20,32.9,18.7,0.0,5,23.5,52.2,3,Mrirt,33.1654,-5.5634
81,2026-09-21,32.3,19.1,0.0,0,22.7,46.8,2,Mrirt,33.1654,-5.5634
81,2026-09-22,31.8,17.1,0.0,0,18.4,37.8,2,Mrirt,33.1654,-5.5634
81,2026-09-23,32.4,16.2,0.0,0,13.9,33.5,1,Mrirt,33.1654,-5.5634
81,2026-09-24,32.1,16.2,0.0,0,13.6,26.6,0,Mrirt,33.1654,-5.5634
81,2026-09-25,29.7,13.4,0.0,4,18.4,36.0,3,Mrirt,33.1654,-5.5634
82,2026-09-19,27.5,18.5,4.5,73,20.0,45.0,95,Tineghir,31.5147,-5.5328
82,2026-09-20,27.0,17.3,0.3,38,20.3,31.3,3,Tineghir,31.5147,-5.5328
82,2026-09-21,28.8,18.0,0.8,16,17.4,29.2,80,Tineghir,31.5147,-5.5328
82,2026-09-22,29.9,17.6,0.0,0,25.4,39.2,2,Tineghir,31.5147,-5.5328
82,2026-09-23,29.8,16.9,0.0,0,16.6,25.2,0,Tineghir,31.5147,-5.5328
82,2026-09-24,31.9,17.1,0.0,0,14.3,22.7,2,Tineghir,31.5147,-5.5328
82,2026-09-25,31.5,17.2,0.0,5,23.6,35.6,3,Tineghir,31.5147,-5.5328
83,2026-09-19,28.2,18.1,0.0,0,14.5,24.8,1,Bouknadel,34.1766,-6.6893
83,2026-09-20,32.1,20.3,0.0,0,11.5,22.0,1,Bouknadel,34.1766,-6.6893
83,2026-09-21,30.0,21.0,0.0,0,12.4,22.7,1,Bouknadel,34.1766,-6.6893
83,2026-09-22,28.4,20.4,0.0,0,12.9,23.0,0,Bouknadel,34.1766,-6.6893
83,2026-09-23,28.8,19.2,0.0,0,13.4,23.0,0,Bouknadel,34.1766,-6.6893
83,2026-09-24,31.9,19.0,0.0,0,12.1,28.1,2,Bouknadel,34.1766,-6.6893
83,2026-09-25,28.3,16.7,0.0,0,10.8,27.0,45,Bouknadel,34.1766,-6.6893
84,2026-09-19,25.3,19.9,0.0,0,19.4,38.9,3,Cabo Bojador,26.1269,-14.4992
84,2026-09-20,27.8,19.0,0.0,0,26.0,47.5,1,Cabo Bojador,26.1269,-14.4992
84,2026-09-21,29.4,21.1,0.0,2,25.7,45.7,3,Cabo Bojador,26.1269,-14.4992
84,2026-09-22,28.6,20.7,0.0,6,26.9,46.4,3,Cabo Bojador,26.1269,-14.4992
84,2026-09-23,36.8,21.9,0.0,2,34.3,54.7,2,Cabo Bojador,26.1269,-14.4992
84,2026-09-24,34.9,23.8,0.0,2,32.3,54.7,1,Cabo Bojador,26.1269,-14.4992
84,2026-09-25,27.0,19.3,0.0,3,29.7,49.7,3,Cabo Bojador,26.1269,-14.4992
85,2026-09-19,33.2,25.3,0.0,8,25.8,40.3,3,Zagora,30.3316,-5.8376
85,2026-09-20,33.6,23.8,0.1,3,15.4,26.6,3,Zagora,30.3316,-5.8376
85,2026-09-21,34.3,24.5,0.7,33,19.1,29.5,80,Zagora,30.3316,-5.8376
85,2026-09-22,34.7,24.2,0.0,0,10.0,18.7,2,Zagora,30.3316,-5.8376
85,2026-09-23,34.2,24.3,0.0,0,11.5,20.9,2,Zagora,30.3316,-5.8376
85,2026-09-24,35.7,24.0,0.0,0,19.3,32.4,2,Zagora,30.3316,-5.8376
85,2026-09-25,35.7,22.7,0.0,0,9.4,19.8,3,Zagora,30.3316,-5.8376
86,2026-09-19,26.6,18.8,0.0,0,16.0,29.2,45,Azemmour,33.2833,-8.3333
86,2026-09-20,29.5,19.0,0.0,0,12.2,22.7,45,Azemmour,33.2833,-8.3333
86,2026-09-21,29.8,20.9,0.0,0,13.5,25.2,45,Azemmour,33.2833,-8.3333
86,2026-09-22,27.9,19.7,0.0,0,11.6,22.3,45,Azemmour,33.2833,-8.3333
86,2026-09-23,29.1,18.1,0.0,0,15.6,29.2,45,Azemmour,33.2833,-8.3333
86,2026-09-24,30.4,17.8,0.0,0,13.6,27.0,1,Azemmour,33.2833,-8.3333
86,2026-09-25,25.8,20.9,0.0,0,12.0,27.4,3,Azemmour,33.2833,-8.3333
87,2026-09-19,30.6,17.1,0.3,10,15.8,41.0,80,El Hajeb,33.6928,-5.3711
87,2026-09-20,32.3,21.3,0.0,0,19.8,45.7,3,El Hajeb,33.6928,-5.3711
87,2026-09-21,32.0,21.8,0.0,0,21.4,46.4,2,El Hajeb,33.6928,-5.3711
87,2026-09-22,31.2,20.4,0.0,0,19.5,41.4,0,El Hajeb,33.6928,-5.3711
87,2026-09-23,31.7,19.5,0.0,0,15.9,33.8,0,El Hajeb,33.6928,-5.3711
87,2026-09-24,31.7,20.0,0.0,0,15.8,31.7,0,El Hajeb,33.6928,-5.3711
87,2026-09-25,29.4,17.3,0.0,5,17.6,33.8,3,El Hajeb,33.6928,-5.3711
88,2026-09-19,27.6,16.8,0.7,65,18.9,40.3,80,Jerada,34.31,-2.16
88,2026-09-20,29.1,16.4,0.5,15,20.4,48.2,80,Jerada,34.31,-2.16
88,2026-09-21,26.5,16.7,0.0,3,22.0,45.4,3,Jerada,34.31,-2.16
88,2026-09-22,28.0,15.6,0.0,0,24.8,49.7,2,Jerada,34.31,-2.16
88,2026-09-23,28.7,16.7,0.0,0,19.9,41.4,1,Jerada,34.31,-2.16
88,2026-09-24,30.4,17.3,0.0,0,16.3,28.4,0,Jerada,34.31,-2.16
88,2026-09-25,31.2,13.9,0.0,0,14.1,25.2,3,Jerada,34.31,-2.16
89,2026-09-19,30.7,18.9,1.2,20,23.9,40.7,80,El Aïoun,34.5726,-2.5127
89,2026-09-20,31.5,18.3,0.0,8,20.9,35.3,45,El Aïoun,34.5726,-2.5127
89,2026-09-21,28.8,18.5,0.0,0,18.7,32.8,45,El Aïoun,34.5726,-2.5127
89,2026-09-22,30.1,14.3,0.0,0,18.8,32.8,1,El Aïoun,34.5726,-2.5127
89,2026-09-23,31.4,15.5,0.0,0,16.2,28.4,1,El Aïoun,34.5726,-2.5127
89,2026-09-24,31.6,14.8,0.0,0,13.7,23.4,0,El Aïoun,34.5726,-2.5127
89,2026-09-25,33.1,16.5,0.0,0,13.5,24.8,3,El Aïoun,34.5726,-2.5127
90,2026-09-19,35.5,20.4,0.1,18,15.5,33.1,3,Tameslouht,31.5,-8.1
90,2026-09-20,36.0,24.0,0.5,25,20.9,33.8,80,Tameslouht,31.5,-8.1
90,2026-09-21,36.9,24.0,0.0,0,22.7,36.7,2,Tameslouht,31.5,-8.1
90,2026-09-22,37.0,24.2,0.0,0,14.0,24.1,1,Tameslouht,31.5,-8.1
90,2026-09-23,37.2,21.7,0.0,0,15.5,26.6,2,Tameslouht,31.5,-8.1
90,2026-09-24,37.5,22.3,0.0,3,13.6,24.5,3,Tameslouht,31.5,-8.1
90,2026-09-25,36.1,21.8,0.0,3,18.9,31.3,3,Tameslouht,31.5,-8.1
91,2026-09-19,36.1,17.7,0.0,0,19.6,35.6,1,Sidi Yahia El Gharb,34.3058,-6.3058
91,2026-09-20,38.2,21.3,0.0,0,17.7,32.8,1,Sidi Yahia El Gharb,34.3058,-6.3058
91,2026-09-21,37.3,19.8,0.0,0,18.1,32.8,45,Sidi Yahia El Gharb,34.3058,-6.3058
91,2026-09-22,35.6,18.8,0.0,0,17.5,32.4,1,Sidi Yahia El Gharb,34.3058,-6.3058
91,2026-09-23,35.9,17.6,0.0,0,16.3,31.3,0,Sidi Yahia El Gharb,34.3058,-6.3058
91,2026-09-24,36.3,17.0,0.0,0,16.7,33.5,0,Sidi Yahia El Gharb,34.3058,-6.3058
91,2026-09-25,31.5,16.0,0.0,0,18.7,33.8,45,Sidi Yahia El Gharb,34.3058,-6.3058
92,2026-09-19,34.8,19.4,0.0,3,19.9,32.0,3,Chichaoua,31.5333,-8.7667
92,2026-09-20,34.9,21.6,0.0,0,23.9,38.9,3,Chichaoua,31.5333,-8.7667
92,2026-09-21,37.3,22.6,0.0,0,24.5,40.7,3,Chichaoua,31.5333,-8.7667
92,2026-09-22,37.7,20.8,0.0,0,25.9,41.8,2,Chichaoua,31.5333,-8.7667
92,2026-09-23,38.2,20.6,0.0,0,15.4,24.1,3,Chichaoua,31.5333,-8.7667
92,2026-09-24,38.4,21.3,0.0,0,16.8,27.0,3,Chichaoua,31.5333,-8.7667
92,2026-09-25,36.9,22.0,0.0,0,28.6,46.1,3,Chichaoua,31.5333,-8.7667
93,2026-09-19,34.6,19.8,0.0,5,15.0,29.5,2,Al ’Attawia,31.83,-7.31
93,2026-09-20,35.6,24.0,0.2,10,11.8,26.6,3,Al ’Attawia,31.83,-7.31
93,2026-09-21,35.0,21.6,0.2,3,15.9,29.2,2,Al ’Attawia,31.83,-7.31
93,2026-09-22,35.8,21.5,0.0,0,16.4,29.9,2,Al ’Attawia,31.83,-7.31
93,2026-09-23,35.4,19.2,0.0,0,16.0,29.5,1,Al ’Attawia,31.83,-7.31
93,2026-09-24,35.7,19.2,0.0,0,15.0,27.4,3,Al ’Attawia,31.83,-7.31
93,2026-09-25,34.0,15.7,0.0,5,16.7,29.9,3,Al ’Attawia,31.83,-7.31
94,2026-09-19,30.9,19.9,0.0,13,20.8,34.6,3,Tabount,30.9014,-6.9217
94,2026-09-20,30.2,18.8,1.9,23,15.3,27.4,80,Tabount,30.9014,-6.9217
94,2026-09-21,32.2,19.7,1.1,15,21.0,33.8,80,Tabount,30.9014,-6.9217
94,2026-09-22,33.8,18.2,0.0,0,28.3,46.8,0,Tabount,30.9014,-6.9217
94,2026-09-23,33.1,17.4,0.0,0,21.5,32.4,1,Tabount,30.9014,-6.9217
94,2026-09-24,34.0,17.6,0.0,3,24.0,46.4,1,Tabount,30.9014,-6.9217
94,2026-09-25,32.8,16.2,0.0,7,22.5,42.5,3,Tabount,30.9014,-6.9217
95,2026-09-19,28.5,21.0,0.0,3,21.4,45.4,45,Zaïo,34.9396,-2.7334
95,2026-09-20,29.8,21.9,0.0,3,15.5,41.0,45,Zaïo,34.9396,-2.7334
95,2026-09-21,28.2,20.2,0.0,0,22.5,45.7,45,Zaïo,34.9396,-2.7334
95,2026-09-22,28.9,17.5,0.0,0,14.3,31.0,45,Zaïo,34.9396,-2.7334
95,2026-09-23,31.0,17.6,0.0,0,11.8,29.5,45,Zaïo,34.9396,-2.7334
95,2026-09-24,31.9,18.0,0.0,0,16.1,28.8,45,Zaïo,34.9396,-2.7334
95,2026-09-25,34.9,17.5,0.0,0,15.5,28.1,3,Zaïo,34.9396,-2.7334
96,2026-09-19,30.9,18.2,0.1,5,15.1,31.0,3,Aguelmous,33.1324,-5.8366
96,2026-09-20,32.7,19.9,0.0,8,18.6,49.3,3,Aguelmous,33.1324,-5.8366
96,2026-09-21,32.3,20.2,0.0,0,22.0,44.3,3,Aguelmous,33.1324,-5.8366
96,2026-09-22,31.3,19.3,0.0,0,16.9,36.7,2,Aguelmous,33.1324,-5.8366
96,2026-09-23,31.7,18.2,0.0,0,12.2,26.6,0,Aguelmous,33.1324,-5.8366
96,2026-09-24,31.6,18.7,0.0,0,14.3,30.6,0,Aguelmous,33.1324,-5.8366
96,2026-09-25,29.0,17.5,0.0,5,20.6,41.0,3,Aguelmous,33.1324,-5.8366
97,2026-09-19,29.2,23.0,0.0,0,37.7,67.0,0,Asilah,35.4667,-6.0333
97,2026-09-20,30.5,24.3,0.0,0,28.6,51.8,1,Asilah,35.4667,-6.0333
97,2026-09-21,31.1,23.6,0.0,0,26.0,47.2,1,Asilah,35.4667,-6.0333
97,2026-09-22,31.1,22.6,0.0,0,19.3,34.6,0,Asilah,35.4667,-6.0333
97,2026-09-23,31.1,21.2,0.0,0,13.5,29.5,0,Asilah,35.4667,-6.0333
97,2026-09-24,34.7,21.1,0.0,0,15.5,29.9,1,Asilah,35.4667,-6.0333
97,2026-09-25,31.0,17.5,0.0,0,13.7,32.4,3,Asilah,35.4667,-6.0333
98,2026-09-19,29.6,20.4,0.0,0,25.5,45.7,2,Imzouren,35.1464,-3.8506
98,2026-09-20,28.6,21.7,0.0,0,20.4,37.1,2,Imzouren,35.1464,-3.8506
98,2026-09-21,29.8,20.0,0.0,0,21.7,39.6,1,Imzouren,35.1464,-3.8506
98,2026-09-22,28.0,17.4,0.0,0,15.5,28.1,0,Imzouren,35.1464,-3.8506
98,2026-09-23,27.2,17.8,0.0,0,13.1,24.8,1,Imzouren,35.1464,-3.8506
98,2026-09-24,29.3,18.3,0.0,0,10.8,20.5,2,Imzouren,35.1464,-3.8506
98,2026-09-25,33.7,21.1,0.0,0,12.2,23.4,3,Imzouren,35.1464,-3.8506
99,2026-09-19,30.4,17.1,0.0,0,15.6,27.7,45,Mediouna,33.4556,-7.5208
99,2026-09-20,35.7,19.1,0.0,0,17.1,31.0,1,Mediouna,33.4556,-7.5208
99,2026-09-21,35.5,20.5,0.0,0,18.4,33.1,2,Mediouna,33.4556,-7.5208
99,2026-09-22,34.4,19.5,0.0,0,15.0,26.6,1,Mediouna,33.4556,-7.5208
99,2026-09-23,34.8,17.1,0.0,0,15.1,28.4,45,Mediouna,33.4556,-7.5208
99,2026-09-24,32.2,17.4,0.0,0,10.9,29.2,0,Mediouna,33.4556,-7.5208
99,2026-09-25,26.1,17.5,0.0,3,9.7,28.4,3,Mediouna,33.4556,-7.5208
100,2026-09-19,31.6,18.4,0.0,15,14.6,31.7,3,Demnat,31.7311,-7.0361
100,2026-09-20,32.2,22.9,0.3,13,15.3,29.2,3,Demnat,31.7311,-7.0361
100,2026-09-21,32.4,20.8,0.6,0,16.2,34.6,3,Demnat,31.7311,-7.0361
100,2026-09-22,32.4,21.0,0.0,0,15.8,32.0,2,Demnat,31.7311,-7.0361
100,2026-09-23,32.6,18.5,0.0,0,17.1,33.1,1,Demnat,31.7311,-7.0361
100,2026-09-24,32.9,19.3,0.0,0,16.0,31.3,3,Demnat,31.7311,-7.0361
100,2026-09-25,31.2,17.2,0.0,8,16.1,31.0,3,Demnat,31.7311,-7.0361
101,2026-09-19,33.7,18.8,0.1,8,16.0,30.6,2,Aïn Taoujdat,33.9333,-5.2167
101,2026-09-20,35.3,19.8,0.0,0,14.0,27.4,1,Aïn Taoujdat,33.9333,-5.2167
101,2026-09-21,34.8,20.2,0.0,0,12.9,26.3,1,Aïn Taoujdat,33.9333,-5.2167
101,2026-09-22,33.8,18.7,0.0,0,13.0,25.2,0,Aïn Taoujdat,33.9333,-5.2167
101,2026-09-23,34.1,18.3,0.0,0,14.8,30.2,0,Aïn Taoujdat,33.9333,-5.2167
101,2026-09-24,34.8,18.8,0.0,0,14.1,26.6,0,Aïn Taoujdat,33.9333,-5.2167
101,2026-09-25,32.4,18.0,0.0,0,16.8,30.2,3,Aïn Taoujdat,33.9333,-5.2167
102,2026-09-19,31.3,17.2,0.0,0,17.1,30.2,3,Sidi Smai’il,32.8167,-8.5
102,2026-09-20,34.2,19.9,0.0,0,15.0,26.6,2,Sidi Smai’il,32.8167,-8.5
102,2026-09-21,35.3,20.0,0.0,0,14.8,26.3,2,Sidi Smai’il,32.8167,-8.5
102,2026-09-22,35.0,17.5,0.0,0,14.9,26.3,45,Sidi Smai’il,32.8167,-8.5
102,2026-09-23,37.4,17.0,0.0,0,13.0,25.6,45,Sidi Smai’il,32.8167,-8.5
102,2026-09-24,36.9,19.6,0.0,0,16.2,30.2,1,Sidi Smai’il,32.8167,-8.5
102,2026-09-25,30.5,21.2,0.0,0,15.4,29.5,3,Sidi Smai’il,32.8167,-8.5
103,2026-09-19,30.0,18.2,0.0,0,14.8,24.8,0,Moulay Bousselham,34.8786,-6.2933
103,2026-09-20,34.0,20.9,0.0,0,17.0,29.9,0,Moulay Bousselham,34.8786,-6.2933
103,2026-09-21,31.6,20.6,0.0,0,16.1,28.1,0,Moulay Bousselham,34.8786,-6.2933
103,2026-09-22,32.5,20.2,0.0,0,18.5,30.6,0,Moulay Bousselham,34.8786,-6.2933
103,2026-09-23,31.7,17.3,0.0,0,17.6,29.5,0,Moulay Bousselham,34.8786,-6.2933
103,2026-09-24,32.3,16.8,0.0,0,16.8,30.6,1,Moulay Bousselham,34.8786,-6.2933
103,2026-09-25,28.2,15.9,0.0,0,15.8,29.9,45,Moulay Bousselham,34.8786,-6.2933
104,2026-09-19,36.9,19.2,0.0,0,17.2,31.7,45,Mechraa Bel Ksiri,34.56,-5.95
104,2026-09-20,38.1,24.7,0.0,0,23.2,43.2,0,Mechraa Bel Ksiri,34.56,-5.95
104,2026-09-21,37.7,24.6,0.0,0,18.6,34.6,0,Mechraa Bel Ksiri,34.56,-5.95
104,2026-09-22,36.6,23.7,0.0,0,18.1,34.6,0,Mechraa Bel Ksiri,34.56,-5.95
104,2026-09-23,37.2,18.4,0.0,0,14.8,33.1,0,Mechraa Bel Ksiri,34.56,-5.95
104,2026-09-24,36.9,18.1,0.0,0,16.1,35.6,0,Mechraa Bel Ksiri,34.56,-5.95
104,2026-09-25,30.9,16.1,0.0,0,18.4,33.5,45,Mechraa Bel Ksiri,34.56,-5.95
105,2026-09-19,36.8,21.5,0.0,0,19.4,44.6,1,Souk et Tnine Jorf el Mellah,34.4945,-5.5047
105,2026-09-20,37.7,24.7,0.0,0,22.6,41.8,0,Souk et Tnine Jorf el Mellah,34.4945,-5.5047
105,2026-09-21,37.3,24.7,0.0,0,18.5,34.2,1,Souk et Tnine Jorf el Mellah,34.4945,-5.5047
105,2026-09-22,36.3,23.2,0.0,0,16.0,31.3,0,Souk et Tnine Jorf el Mellah,34.4945,-5.5047
105,2026-09-23,36.8,20.3,0.0,0,10.0,22.7,0,Souk et Tnine Jorf el Mellah,34.4945,-5.5047
105,2026-09-24,37.0,20.8,0.0,0,16.1,28.1,1,Souk et Tnine Jorf el Mellah,34.4945,-5.5047
105,2026-09-25,33.3,17.8,0.0,0,15.5,31.7,3,Souk et Tnine Jorf el Mellah,34.4945,-5.5047
106,2026-09-19,26.6,22.0,0.6,18,28.7,59.0,3,Zeghanghane,35.1575,-3.0017
106,2026-09-20,26.8,22.6,1.1,28,26.3,49.0,3,Zeghanghane,35.1575,-3.0017
106,2026-09-21,26.8,22.0,0.0,0,23.4,46.8,2,Zeghanghane,35.1575,-3.0017
106,2026-09-22,26.9,18.8,0.0,0,21.4,42.1,2,Zeghanghane,35.1575,-3.0017
106,2026-09-23,28.2,18.0,0.0,0,14.3,28.1,45,Zeghanghane,35.1575,-3.0017
106,2026-09-24,30.1,17.9,0.0,0,14.8,27.4,0,Zeghanghane,35.1575,-3.0017
106,2026-09-25,35.0,15.9,0.0,0,10.9,20.9,3,Zeghanghane,35.1575,-3.0017
107,2026-09-19,37.5,20.3,0.0,0,24.2,45.0,3,Oulad Barhil,30.6408,-8.475
107,2026-09-20,37.7,23.1,0.0,8,22.3,43.2,3,Oulad Barhil,30.6408,-8.475
107,2026-09-21,37.8,21.6,0.0,0,29.2,52.2,3,Oulad Barhil,30.6408,-8.475
107,2026-09-22,38.8,21.3,0.0,0,31.1,57.2,3,Oulad Barhil,30.6408,-8.475
107,2026-09-23,39.6,21.0,0.0,0,26.2,47.5,3,Oulad Barhil,30.6408,-8.475
107,2026-09-24,39.9,21.1,0.0,0,19.1,45.4,2,Oulad Barhil,30.6408,-8.475
107,2026-09-25,38.6,19.1,0.0,0,13.9,25.2,3,Oulad Barhil,30.6408,-8.475
108,2026-09-19,27.1,18.3,0.0,0,16.2,31.3,45,Bir Jdid,33.3737,-8.0002
108,2026-09-20,31.4,19.6,0.0,0,14.8,28.8,45,Bir Jdid,33.3737,-8.0002
108,2026-09-21,31.2,20.8,0.0,0,15.5,31.0,45,Bir Jdid,33.3737,-8.0002
108,2026-09-22,29.6,18.6,0.0,0,13.3,25.9,1,Bir Jdid,33.3737,-8.0002
108,2026-09-23,30.7,17.0,0.0,0,14.7,28.8,1,Bir Jdid,33.3737,-8.0002
108,2026-09-24,32.3,18.0,0.0,0,13.7,26.6,2,Bir Jdid,33.3737,-8.0002
108,2026-09-25,26.2,18.2,0.0,0,12.2,24.1,3,Bir Jdid,33.3737,-8.0002
109,2026-09-19,25.7,18.6,0.6,58,13.2,27.0,3,Bou Arfa,32.531,-1.9631
109,2026-09-20,27.0,16.3,2.2,45,16.3,46.1,80,Bou Arfa,32.531,-1.9631
109,2026-09-21,28.1,15.9,0.0,0,19.5,30.2,3,Bou Arfa,32.531,-1.9631
109,2026-09-22,27.0,15.5,0.0,0,13.6,20.9,3,Bou Arfa,32.531,-1.9631
109,2026-09-23,28.2,13.1,0.0,0,13.9,22.3,0,Bou Arfa,32.531,-1.9631
109,2026-09-24,29.5,14.7,0.0,0,15.9,25.2,1,Bou Arfa,32.531,-1.9631
109,2026-09-25,30.9,15.0,0.0,0,10.8,18.7,3,Bou Arfa,32.531,-1.9631
110,2026-09-19,32.1,18.5,0.3,20,30.6,56.2,80,Tahannawt,31.3514,-7.9508
110,2026-09-20,32.3,23.4,0.0,10,15.9,31.3,3,Tahannawt,31.3514,-7.9508
110,2026-09-21,33.2,22.3,0.0,5,17.8,34.6,2,Tahannawt,31.3514,-7.9508
110,2026-09-22,33.6,22.8,0.0,4,14.1,27.4,1,Tahannawt,31.3514,-7.9508
110,2026-09-23,33.6,19.0,0.0,0,15.7,30.6,1,Tahannawt,31.3514,-7.9508
110,2026-09-24,34.3,20.0,0.0,3,14.1,25.2,3,Tahannawt,31.3514,-7.9508
110,2026-09-25,32.9,19.0,0.0,5,16.4,30.2,3,Tahannawt,31.3514,-7.9508
111,2026-09-19,31.0,20.6,0.4,38,15.3,37.8,61,Arfoud,31.4361,-4.2328
111,2026-09-20,31.9,21.1,0.0,18,11.2,19.4,3,Arfoud,31.4361,-4.2328
111,2026-09-21,33.9,21.1,0.0,20,11.1,17.6,3,Arfoud,31.4361,-4.2328
111,2026-09-22,33.0,22.0,0.0,6,11.0,16.9,3,Arfoud,31.4361,-4.2328
111,2026-09-23,31.9,21.1,0.0,0,8.7,16.9,2,Arfoud,31.4361,-4.2328
111,2026-09-24,33.4,21.3,0.0,0,6.9,15.5,1,Arfoud,31.4361,-4.2328
111,2026-09-25,34.3,19.0,0.0,3,6.6,11.9,3,Arfoud,31.4361,-4.2328
112,2026-09-19,32.2,20.2,0.0,13,25.0,47.9,2,Tahla,34.05,-4.42
112,2026-09-20,33.7,21.4,0.0,0,19.7,38.9,0,Tahla,34.05,-4.42
112,2026-09-21,32.9,20.4,0.0,0,18.0,33.1,1,Tahla,34.05,-4.42
112,2026-09-22,32.4,18.7,0.0,0,10.8,22.3,0,Tahla,34.05,-4.42
112,2026-09-23,33.8,17.9,0.0,0,11.4,21.6,0,Tahla,34.05,-4.42
112,2026-09-24,34.4,18.7,0.0,0,13.0,24.1,3,Tahla,34.05,-4.42
112,2026-09-25,32.1,18.0,0.0,0,16.3,32.4,3,Tahla,34.05,-4.42
113,2026-09-19,29.1,17.7,0.5,58,17.1,32.8,3,Missour,33.05,-3.9908
113,2026-09-20,32.3,17.3,0.0,8,22.4,36.7,45,Missour,33.05,-3.9908
113,2026-09-21,29.4,18.1,0.0,0,30.9,48.2,45,Missour,33.05,-3.9908
113,2026-09-22,29.9,15.4,0.0,0,21.6,33.5,0,Missour,33.05,-3.9908
113,2026-09-23,31.5,15.8,0.0,0,21.9,33.5,1,Missour,33.05,-3.9908
113,2026-09-24,33.5,16.0,0.0,0,21.8,32.8,1,Missour,33.05,-3.9908
113,2026-09-25,33.9,16.2,0.0,0,14.1,30.6,3,Missour,33.05,-3.9908
114,2026-09-19,33.6,19.4,0.0,3,14.0,23.8,2,Sidi Lmokhtar,31.57,-9.01
114,2026-09-20,34.3,21.8,0.0,0,18.5,31.7,2,Sidi Lmokhtar,31.57,-9.01
114,2026-09-21,37.4,23.0,0.0,0,20.6,35.3,3,Sidi Lmokhtar,31.57,-9.01
114,2026-09-22,37.7,20.4,0.0,0,20.2,34.9,3,Sidi Lmokhtar,31.57,-9.01
114,2026-09-23,38.0,21.2,0.0,0,16.1,26.6,3,Sidi Lmokhtar,31.57,-9.01
114,2026-09-24,38.4,22.1,0.0,0,18.3,29.9,3,Sidi Lmokhtar,31.57,-9.01
114,2026-09-25,37.1,21.6,0.0,0,24.6,45.0,3,Sidi Lmokhtar,31.57,-9.01
115,2026-09-19,34.5,18.8,0.0,3,10.8,25.6,2,Douar Toulal,33.8951,-5.6021
115,2026-09-20,36.2,21.1,0.0,0,15.6,34.9,2,Douar Toulal,33.8951,-5.6021
115,2026-09-21,35.6,20.8,0.0,0,14.0,32.0,1,Douar Toulal,33.8951,-5.6021
115,2026-09-22,34.4,19.2,0.0,0,14.5,33.1,0,Douar Toulal,33.8951,-5.6021
115,2026-09-23,34.6,17.9,0.0,0,13.8,32.8,0,Douar Toulal,33.8951,-5.6021
115,2026-09-24,34.6,17.5,0.0,0,13.7,27.4,0,Douar Toulal,33.8951,-5.6021
115,2026-09-25,31.5,18.2,0.0,0,16.6,30.6,3,Douar Toulal,33.8951,-5.6021
116,2026-09-19,36.5,21.4,0.0,0,13.3,25.2,3,Oulad Yaïch,32.4167,-6.3333
116,2026-09-20,38.0,24.8,0.1,5,17.0,32.8,3,Oulad Yaïch,32.4167,-6.3333
116,2026-09-21,37.5,23.3,0.0,0,12.4,29.5,3,Oulad Yaïch,32.4167,-6.3333
116,2026-09-22,36.9,23.2,0.0,0,11.0,20.5,2,Oulad Yaïch,32.4167,-6.3333
116,2026-09-23,37.1,20.9,0.0,0,10.6,19.8,0,Oulad Yaïch,32.4167,-6.3333
116,2026-09-24,36.3,20.7,0.0,0,17.2,33.1,0,Oulad Yaïch,32.4167,-6.3333
116,2026-09-25,34.4,25.6,0.0,3,18.6,36.7,3,Oulad Yaïch,32.4167,-6.3333
117,2026-09-19,34.5,18.9,0.0,8,12.2,22.7,2,Zawyat ech Cheïkh,32.6541,-5.9214
117,2026-09-20,35.9,19.5,0.0,3,19.1,34.6,3,Zawyat ech Cheïkh,32.6541,-5.9214
117,2026-09-21,35.2,19.2,0.0,0,13.1,24.5,2,Zawyat ech Cheïkh,32.6541,-5.9214
117,2026-09-22,34.0,18.4,0.0,0,13.7,25.2,2,Zawyat ech Cheïkh,32.6541,-5.9214
117,2026-09-23,34.4,15.8,0.0,0,12.7,23.8,0,Zawyat ech Cheïkh,32.6541,-5.9214
117,2026-09-24,34.8,15.2,0.0,0,14.7,26.6,0,Zawyat ech Cheïkh,32.6541,-5.9214
117,2026-09-25,32.9,18.3,0.0,3,15.7,31.7,3,Zawyat ech Cheïkh,32.6541,-5.9214
118,2026-09-19,31.0,19.9,0.0,5,16.8,30.6,2,Imi-n-Tanout,31.177,-8.8504
118,2026-09-20,31.9,24.0,0.2,20,19.5,33.5,3,Imi-n-Tanout,31.177,-8.8504
118,2026-09-21,34.0,23.9,0.0,0,22.4,39.2,3,Imi-n-Tanout,31.177,-8.8504
118,2026-09-22,34.1,23.9,0.0,3,22.0,39.6,3,Imi-n-Tanout,31.177,-8.8504
118,2026-09-23,34.0,21.9,0.0,3,19.7,33.8,3,Imi-n-Tanout,31.177,-8.8504
118,2026-09-24,34.6,22.2,0.0,0,21.0,36.0,3,Imi-n-Tanout,31.177,-8.8504
118,2026-09-25,32.9,22.2,0.0,0,23.4,40.0,3,Imi-n-Tanout,31.177,-8.8504
119,2026-09-19,32.5,18.6,0.0,0,14.8,28.4,2,Sebt Gzoula,32.1219,-9.0889
119,2026-09-20,30.2,21.5,0.0,0,14.8,28.8,2,Sebt Gzoula,32.1219,-9.0889
119,2026-09-21,33.6,21.0,0.0,0,12.2,23.8,3,Sebt Gzoula,32.1219,-9.0889
119,2026-09-22,36.2,19.5,0.0,0,16.4,32.0,3,Sebt Gzoula,32.1219,-9.0889
119,2026-09-23,39.1,20.0,0.0,0,17.3,33.5,3,Sebt Gzoula,32.1219,-9.0889
119,2026-09-24,40.4,23.8,0.0,0,17.8,36.4,1,Sebt Gzoula,32.1219,-9.0889
119,2026-09-25,35.3,22.9,0.0,0,23.7,45.4,3,Sebt Gzoula,32.1219,-9.0889
120,2026-09-19,31.2,16.7,0.0,0,25.2,39.2,3,Tifariti,26.158,-10.567
120,2026-09-20,37.5,19.7,0.0,0,14.9,28.8,0,Tifariti,26.158,-10.567
120,2026-09-21,39.2,25.9,0.0,2,23.7,38.9,1,Tifariti,26.158,-10.567
120,2026-09-22,38.8,26.3,0.0,1,19.8,34.6,3,Tifariti,26.158,-10.567
120,2026-09-23,38.4,26.2,0.0,0,20.1,29.5,3,Tifariti,26.158,-10.567
120,2026-09-24,38.4,24.2,0.0,0,23.7,35.6,3,Tifariti,26.158,-10.567
120,2026-09-25,38.1,21.7,0.0,2,22.6,43.9,3,Tifariti,26.158,-10.567
