city_id,date,temperature_category,rain_category,wind_category,temperature_risk,rain_risk,wind_risk,risk_score,risk_level
1,2026-09-15,Normal,Low,Low,0,0,0,0.0,Low
1,2026-09-16,Normal,Low,Low,0,0,0,0.0,Low
1,2026-09-17,Normal,Low,Low,0,0,0,0.0,Low
1,2026-09-18,Normal,Low,Low,0,0,0,0.0,Low
1,2026-09-19,Normal,Low,Low,0,0,0,0.0,Low
1,2026-09-20,Normal,Low,Low,0,0,0,0.0,Low
1,2026-09-21,Normal,Low,Low,0,0,0,0.0,Low
2,2026-09-15,Normal,Low,Low,0,0,0,0.0,Low
2,2026-09-16,Normal,Low,Low,0,0,0,0.0,Low
2,2026-09-17,Normal,Low,Low,0,0,0,0.0,Low
2,2026-09-18,Normal,Low,Low,0,0,0,0.0,Low
2,2026-09-19,Normal,Low,Moderate,0,0,30,9.0,Low
2,2026-09-20,Normal,Low,High,0,0,60,18.0,Low
2,2026-09-21,Normal,Low,High,0,0,60,18.0,Low
3,2026-09-15,Moderate,Low,Low,25,0,0,7.5,Low
3,2026-09-16,Normal,Low,Low,0,0,0,0.0,Low
3,2026-09-17,Normal,Low,Low,0,0,0,0.0,Low
3,2026-09-18,Normal,Low,Low,0,0,0,0.0,Low
3,2026-09-19,Normal,Low,Low,0,0,0,0.0,Low
3,2026-09-20,Normal,Low,Low,0,0,0,0.0,Low
3,2026-09-21,Normal,Low,Low,0,0,0,0.0,Low
4,2026-09-15,Moderate,Low,Low,25,0,0,7.5,Low
4,2026-09-16,Moderate,Low,Low,25,0,0,7.5,Low
4,2026-09-17,Normal,Low,Low,0,0,0,0.0,Low
4,2026-09-18,Normal,Low,Low,0,0,0,0.0,Low
4,2026-09-19,Moderate,Low,Low,25,0,0,7.5,Low
4,2026-09-20,High,Low,Low,60,0,0,18.0,Low
4,2026-09-21,Moderate,Low,Low,25,0,0,7.5,Low
5,2026-09-15,Normal,Low,Low,0,0,0,0.0,Low
5,2026-09-16,Normal,Low,Low,0,0,0,0.0,Low
5,2026-09-17,Normal,Low,Low,0,0,0,0.0,Low
5,2026-09-18,Normal,Low,Low,0,0,0,0.0,Low
5,2026-09-19,Normal,Low,Low,0,0,0,0.0,Low
5,2026-09-20,Normal,Low,Low,0,0,0,0.0,Low
5,2026-09-21,Normal,Low,Low,0,0,0,0.0,Low
6,2026-09-15,Normal,Low,Low,0,0,0,0.0,Low
6,2026-09-16,Normal,Low,Low,0,0,0,0.0,Low
6,2026-09-17,Normal,Low,Low,0,0,0,0.0,Low
6,2026-09-18,Normal,Low,Low,0,0,0,0.0,Low
6,2026-09-19,Normal,Low,Low,0,0,0,0.0,Low
6,2026-09-20,Moderate,Low,Low,25,0,0,7.5,Low
6,2026-09-21,Moderate,Low,Low,25,0,0,7.5,Low
7,2026-09-15,Normal,Low,Low,0,0,0,0.0,Low
7,2026-09-16,Normal,Low,Low,0,0,0,0.0,Low
7,2026-09-17,Normal,Low,Low,0,0,0,0.0,Low
7,2026-09-18,Normal,Low,Low,0,0,0,0.0,Low
7,2026-09-19,Normal,Low,Low,0,0,0,0.0,Low
7,2026-09-20,Normal,Low,Low,0,0,0,0.0,Low
7,2026-09-21,Normal,Low,Low,0,0,0,0.0,Low
8,2026-09-15,Moderate,Low,Low,25,0,0,7.5,Low
8,2026-09-16,High,Low,Low,60,0,0,18.0,Low
8,2026-09-17,Normal,Low,Low,0,0,0,0.0,Low
8,2026-09-18,Normal,Low,Low,0,0,0,0.0,Low
8,2026-09-19,Normal,Low,Low,0,0,0,0.0,Low
8,2026-09-20,Normal,Low,Low,0,0,0,0.0,Low
8,2026-09-21,Normal,Low,Low,0,0,0,0.0,Low
9,2026-09-15,Normal,Low,Low,0,0,0,0.0,Low
9,2026-09-16,Normal,Low,Low,0,0,0,0.0,Low
9,2026-09-17,Normal,Low,Low,0,0,0,0.0,Low
9,2026-09-18,Normal,Low,Low,0,0,0,0.0,Low
9,2026-09-19,Normal,Low,Low,0,0,0,0.0,Low
9,2026-09-20,Moderate,Low,Low,25,0,0,7.5,Low
9,2026-09-21,Normal,Low,Low,0,0,0,0.0,Low
10,2026-09-15,Normal,Low,Low,0,0,0,0.0,Low
10,2026-09-16,Normal,Low,Low,0,0,0,0.0,Low
10,2026-09-17,Normal,Low,Low,0,0,0,0.0,Low
10,2026-09-18,Normal,Low,Low,0,0,0,0.0,Low
10,2026-09-19,Normal,Low,Low,0,0,0,0.0,Low
10,2026-09-20,Normal,Low,Low,0,0,0,0.0,Low
10,2026-09-21,Normal,Low,Low,0,0,0,0.0,Low
11,2026-09-15,Normal,Low,Low,0,0,0,0.0,Low
11,2026-09-16,Normal,Low,Low,0,0,0,0.0,Low
11,2026-09-17,Normal,Low,Low,0,0,0,0.0,Low
11,2026-09-18,Normal,Low,Low,0,0,0,0.0,Low
11,2026-09-19,Normal,Low,High,0,0,60,18.0,Low
11,2026-09-20,Normal,Low,High,0,0,60,18.0,Low
11,2026-09-21,Normal,Low,High,0,0,60,18.0,Low
12,2026-09-15,Normal,Low,Low,0,0,0,0.0,Low
12,2026-09-16,Normal,Low,Low,0,0,0,0.0,Low
12,2026-09-17,Normal,Low,Low,0,0,0,0.0,Low
12,2026-09-18,Normal,Low,Low,0,0,0,0.0,Low
12,2026-09-19,Normal,Low,Low,0,0,0,0.0,Low
12,2026-09-20,Normal,Low,Low,0,0,0,0.0,Low
12,2026-09-21,Normal,Low,Low,0,0,0,0.0,Low
13,2026-09-15,Normal,Low,Low,0,0,0,0.0,Low
13,2026-09-16,Moderate,Low,Low,25,0,0,7.5,Low
13,2026-09-17,Normal,Low,Low,0,0,0,0.0,Low
13,2026-09-18,Normal,Low,Low,0,0,0,0.0,Low
13,2026-09-19,Normal,Low,Low,0,0,0,0.0,Low
13,2026-09-20,Normal,Low,Low,0,0,0,0.0,Low
13,2026-09-21,Normal,Low,Low,0,0,0,0.0,Low
14,2026-09-15,Normal,Low,Low,0,0,0,0.0,Low
14,2026-09-16,Normal,Low,Low,0,0,0,0.0,Low
14,2026-09-17,Normal,Low,Low,0,0,0,0.0,Low
14,2026-09-18,Normal,Low,Low,0,0,0,0.0,Low
14,2026-09-19,Normal,Low,Low,0,0,0,0.0,Low
14,2026-09-20,Normal,Low,Low,0,0,0,0.0,Low
14,2026-09-21,Normal,Low,Low,0,0,0,0.0,Low
15,2026-09-15,Very High,Low,Low,100,0,0,30.0,Moderate
15,2026-09-16,Moderate,Low,Low,25,0,0,7.5,Low
15,2026-09-17,Normal,Low,Low,0,0,0,0.0,Low
15,2026-09-18,Normal,Low,Low,0,0,0,0.0,Low
15,2026-09-19,Normal,Low,Low,0,0,0,0.0,Low
15,2026-09-20,Normal,Low,Low,0,0,0,0.0,Low
15,2026-09-21,Moderate,Low,Low,25,0,0,7.5,Low
16,2026-09-15,Normal,Low,Low,0,0,0,0.0,Low
16,2026-09-16,Normal,Low,Low,0,0,0,0.0,Low
16,2026-09-17,Normal,Low,Low,0,0,0,0.0,Low
16,2026-09-18,Normal,Low,Low,0,0,0,0.0,Low
16,2026-09-19,Normal,Low,Low,0,0,0,0.0,Low
16,2026-09-20,Normal,Low,Low,0,0,0,0.0,Low
16,2026-09-21,Normal,Low,Low,0,0,0,0.0,Low
17,2026-09-15,Moderate,Low,Low,25,0,0,7.5,Low
17,2026-09-16,Normal,Low,Low,0,0,0,0.0,Low
17,2026-09-17,Normal,Low,Low,0,0,0,0.0,Low
17,2026-09-18,Normal,Low,Low,0,0,0,0.0,Low
17,2026-09-19,Normal,Low,Low,0,0,0,0.0,Low
17,2026-09-20,Normal,Low,Low,0,0,0,0.0,Low
17,2026-09-21,Normal,Low,Low,0,0,0,0.0,Low
18,2026-09-15,Moderate,Low,Low,25,0,0,7.5,Low
18,2026-09-16,Normal,Low,Low,0,0,0,0.0,Low
18,2026-09-17,Normal,Low,Low,0,0,0,0.0,Low
18,2026-09-18,Normal,Low,Low,0,0,0,0.0,Low
18,2026-09-19,Moderate,Low,Low,25,0,0,7.5,Low
18,2026-09-20,High,Low,Low,60,0,0,18.0,Low
18,2026-09-21,Moderate,Low,Low,25,0,0,7.5,Low
19,2026-09-15,Normal,Low,Low,0,0,0,0.0,Low
19,2026-09-16,Normal,Low,Low,0,0,0,0.0,Low
19,2026-09-17,Normal,Low,Low,0,0,0,0.0,Low
19,2026-09-18,Normal,Low,Low,0,0,0,0.0,Low
19,2026-09-19,Normal,Low,Low,0,0,0,0.0,Low
19,2026-09-20,Normal,Low,Low,0,0,0,0.0,Low
19,2026-09-21,Normal,Low,Low,0,0,0,0.0,Low
20,2026-09-15,Moderate,Low,Low,25,0,0,7.5,Low
20,2026-09-16,Normal,Low,Low,0,0,0,0.0,Low
20,2026-09-17,Normal,Low,Low,0,0,0,0.0,Low
20,2026-09-18,Normal,Low,Low,0,0,0,0.0,Low
20,2026-09-19,Normal,Low,Low,0,0,0,0.0,Low
20,2026-09-20,Normal,Low,Low,0,0,0,0.0,Low
20,2026-09-21,Normal,Low,Low,0,0,0,0.0,Low
21,2026-09-15,Normal,Low,Low,0,0,0,0.0,Low
21,2026-09-16,Normal,Low,Low,0,0,0,0.0,Low
21,2026-09-17,Normal,Low,Low,0,0,0,0.0,Low
21,2026-09-18,Normal,Low,Low,0,0,0,0.0,Low
21,2026-09-19,Normal,Low,Low,0,0,0,0.0,Low
21,2026-09-20,Normal,Low,Low,0,0,0,0.0,Low
21,2026-09-21,Normal,Low,Low,0,0,0,0.0,Low
22,2026-09-15,Moderate,Low,Low,25,0,0,7.5,Low
22,2026-09-16,Normal,Low,Low,0,0,0,0.0,Low
22,2026-09-17,Normal,Low,Low,0,0,0,0.0,Low
22,2026-09-18,Normal,Low,Low,0,0,0,0.0,Low
22,2026-09-19,Normal,Low,Low,0,0,0,0.0,Low
22,2026-09-20,Moderate,Low,Low,25,0,0,7.5,Low
22,2026-09-21,Moderate,Low,Low,25,0,0,7.5,Low
23,2026-09-15,Moderate,Low,Low,25,0,0,7.5,Low
23,2026-09-16,Normal,Low,Low,0,0,0,0.0,Low
23,2026-09-17,Normal,Low,Low,0,0,0,0.0,Low
23,2026-09-18,Normal,Low,Low,0,0,0,0.0,Low
23,2026-09-19,Moderate,Low,Low,25,0,0,7.5,Low
23,2026-09-20,Moderate,Low,Low,25,0,0,7.5,Low
23,2026-09-21,Moderate,Low,Low,25,0,0,7.5,Low
24,2026-09-15,Moderate,Low,Low,25,0,0,7.5,Low
24,2026-09-16,Normal,Low,Low,0,0,0,0.0,Low
24,2026-09-17,Normal,Low,Low,0,0,0,0.0,Low
24,2026-09-18,Normal,Low,Low,0,0,0,0.0,Low
24,2026-09-19,Normal,Low,Low,0,0,0,0.0,Low
24,2026-09-20,Moderate,Low,Low,25,0,0,7.5,Low
24,2026-09-21,Normal,Low,Low,0,0,0,0.0,Low
25,2026-09-15,Normal,Low,Low,0,0,0,0.0,Low
25,2026-09-16,Normal,Low,Low,0,0,0,0.0,Low
25,2026-09-17,Normal,Low,Moderate,0,0,30,9.0,Low
25,2026-09-18,Normal,Low,Low,0,0,0,0.0,Low
25,2026-09-19,Normal,Low,Low,0,0,0,0.0,Low
25,2026-09-20,Normal,Low,Low,0,0,0,0.0,Low
25,2026-09-21,Normal,Low,Low,0,0,0,0.0,Low
26,2026-09-15,Normal,Low,Low,0,0,0,0.0,Low
26,2026-09-16,Normal,Low,Low,0,0,0,0.0,Low
26,2026-09-17,Normal,Low,Low,0,0,0,0.0,Low
26,2026-09-18,Normal,Low,Low,0,0,0,0.0,Low
26,2026-09-19,Normal,Low,Low,0,0,0,0.0,Low
26,2026-09-20,Normal,Low,Low,0,0,0,0.0,Low
26,2026-09-21,Normal,Low,Low,0,0,0,0.0,Low
27,2026-09-15,Normal,Low,Low,0,0,0,0.0,Low
27,2026-09-16,Normal,Low,Low,0,0,0,0.0,Low
27,2026-09-17,Normal,Low,Low,0,0,0,0.0,Low
27,2026-09-18,Normal,Low,Low,0,0,0,0.0,Low
27,2026-09-19,Normal,Low,Low,0,0,0,0.0,Low
27,2026-09-20,Normal,Low,Low,0,0,0,0.0,Low
27,2026-09-21,Normal,Low,Low,0,0,0,0.0,Low
28,2026-09-15,Moderate,Low,Low,25,0,0,7.5,Low
28,2026-09-16,Normal,Low,Low,0,0,0,0.0,Low
28,2026-09-17,Normal,Low,Low,0,0,0,0.0,Low
28,2026-09-18,Normal,Low,Low,0,0,0,0.0,Low
28,2026-09-19,Normal,Low,Low,0,0,0,0.0,Low
28,2026-09-20,Normal,Low,Low,0,0,0,0.0,Low
28,2026-09-21,Normal,Low,Low,0,0,0,0.0,Low
29,2026-09-15,Normal,Low,Low,0,0,0,0.0,Low
29,2026-09-16,Normal,Low,Low,0,0,0,0.0,Low
29,2026-09-17,Normal,Low,Low,0,0,0,0.0,Low
29,2026-09-18,Normal,Low,Low,0,0,0,0.0,Low
29,2026-09-19,Moderate,Low,Low,25,0,0,7.5,Low
29,2026-09-20,Moderate,Low,Low,25,0,0,7.5,Low
29,2026-09-21,Moderate,Low,Low,25,0,0,7.5,Low
30,2026-09-15,Moderate,Low,Low,25,0,0,7.5,Low
30,2026-09-16,Normal,Low,Low,0,0,0,0.0,Low
30,2026-09-17,Normal,Low,Low,0,0,0,0.0,Low
30,2026-09-18,Normal,Low,Low,0,0,0,0.0,Low
30,2026-09-19,Moderate,Low,Low,25,0,0,7.5,Low
30,2026-09-20,Moderate,Low,Low,25,0,0,7.5,Low
30,2026-09-21,Moderate,Low,Low,25,0,0,7.5,Low
31,2026-09-15,High,Low,Low,60,0,0,18.0,Low
31,2026-09-16,Moderate,Low,Low,25,0,0,7.5,Low
31,2026-09-17,Normal,Low,Low,0,0,0,0.0,Low
31,2026-09-18,Normal,Low,Low,0,0,0,0.0,Low
31,2026-09-19,Normal,Low,Low,0,0,0,0.0,Low
31,2026-09-20,Normal,Low,Low,0,0,0,0.0,Low
31,2026-09-21,Moderate,Low,Low,25,0,0,7.5,Low
32,2026-09-15,Moderate,Low,Low,25,0,0,7.5,Low
32,2026-09-16,Normal,Low,Low,0,0,0,0.0,Low
32,2026-09-17,Normal,Low,Low,0,0,0,0.0,Low
32,2026-09-18,Normal,Low,Low,0,0,0,0.0,Low
32,2026-09-19,Moderate,Low,Low,25,0,0,7.5,Low
32,2026-09-20,Moderate,Low,Low,25,0,0,7.5,Low
32,2026-09-21,Moderate,Low,Low,25,0,0,7.5,Low
33,2026-09-15,Moderate,Low,Low,25,0,0,7.5,Low
33,2026-09-16,Normal,Low,Low,0,0,0,0.0,Low
33,2026-09-17,Normal,Low,Low,0,0,0,0.0,Low
33,2026-09-18,Normal,Low,Low,0,0,0,0.0,Low
33,2026-09-19,Moderate,Low,Low,25,0,0,7.5,Low
33,2026-09-20,Moderate,Low,Low,25,0,0,7.5,Low
33,2026-09-21,Moderate,Low,Low,25,0,0,7.5,Low
34,2026-09-15,Normal,Low,Low,0,0,0,0.0,Low
34,2026-09-16,Normal,Low,Low,0,0,0,0.0,Low
34,2026-09-17,Normal,Low,Low,0,0,0,0.0,Low
34,2026-09-18,Normal,Low,Low,0,0,0,0.0,Low
34,2026-09-19,Normal,Low,Low,0,0,0,0.0,Low
34,2026-09-20,Normal,Low,Low,0,0,0,0.0,Low
34,2026-09-21,Normal,Low,Low,0,0,0,0.0,Low
35,2026-09-15,Normal,Low,Low,0,0,0,0.0,Low
35,2026-09-16,Normal,Low,Low,0,0,0,0.0,Low
35,2026-09-17,Normal,Low,Low,0,0,0,0.0,Low
35,2026-09-18,Normal,Low,Low,0,0,0,0.0,Low
35,2026-09-19,Normal,Low,Low,0,0,0,0.0,Low
35,2026-09-20,Normal,Low,Low,0,0,0,0.0,Low
35,2026-09-21,Normal,Low,Low,0,0,0,0.0,Low
36,2026-09-15,Normal,Low,Low,0,0,0,0.0,Low
36,2026-09-16,Normal,Low,Low,0,0,0,0.0,Low
36,2026-09-17,Normal,Low,Low,0,0,0,0.0,Low
36,2026-09-18,Normal,Low,Low,0,0,0,0.0,Low
36,2026-09-19,Normal,Low,Low,0,0,0,0.0,Low
36,2026-09-20,Moderate,Low,Low,25,0,0,7.5,Low
36,2026-09-21,Normal,Low,Low,0,0,0,0.0,Low
37,2026-09-15,Moderate,Low,Low,25,0,0,7.5,Low
37,2026-09-16,Normal,Low,Low,0,0,0,0.0,Low
37,2026-09-17,Normal,Low,Low,0,0,0,0.0,Low
37,2026-09-18,Normal,Low,Low,0,0,0,0.0,Low
37,2026-09-19,Moderate,Low,Low,25,0,0,7.5,Low
37,2026-09-20,High,Low,Low,60,0,0,18.0,Low
37,2026-09-21,Moderate,Low,Low,25,0,0,7.5,Low
38,2026-09-15,Moderate,Low,Low,25,0,0,7.5,Low
38,2026-09-16,Normal,Low,Low,0,0,0,0.0,Low
38,2026-09-17,Normal,Low,Low,0,0,0,0.0,Low
38,2026-09-18,Normal,Low,Low,0,0,0,0.0,Low
38,2026-09-19,Normal,Low,Low,0,0,0,0.0,Low
38,2026-09-20,Normal,Low,Low,0,0,0,0.0,Low
38,2026-09-21,Normal,Low,Low,0,0,0,0.0,Low
39,2026-09-15,Moderate,Low,Low,25,0,0,7.5,Low
39,2026-09-16,Normal,Low,Low,0,0,0,0.0,Low
39,2026-09-17,Normal,Low,Low,0,0,0,0.0,Low
39,2026-09-18,Normal,Low,Low,0,0,0,0.0,Low
39,2026-09-19,Normal,Low,Low,0,0,0,0.0,Low
39,2026-09-20,Normal,Low,Low,0,0,0,0.0,Low
39,2026-09-21,Normal,Low,Low,0,0,0,0.0,Low
40,2026-09-15,High,Low,Low,60,0,0,18.0,Low
40,2026-09-16,Normal,Low,Low,0,0,0,0.0,Low
40,2026-09-17,Normal,Low,Low,0,0,0,0.0,Low
40,2026-09-18,Normal,Low,Low,0,0,0,0.0,Low
40,2026-09-19,Normal,Low,Low,0,0,0,0.0,Low
40,2026-09-20,Normal,Low,Low,0,0,0,0.0,Low
40,2026-09-21,Normal,Low,Low,0,0,0,0.0,Low
41,2026-09-15,Moderate,Low,Low,25,0,0,7.5,Low
41,2026-09-16,Moderate,Low,Low,25,0,0,7.5,Low
41,2026-09-17,Normal,Low,Low,0,0,0,0.0,Low
41,2026-09-18,Normal,Low,Low,0,0,0,0.0,Low
41,2026-09-19,Moderate,Low,Low,25,0,0,7.5,Low
41,2026-09-20,Moderate,Low,Low,25,0,0,7.5,Low
41,2026-09-21,Moderate,Low,Low,25,0,0,7.5,Low
42,2026-09-15,Normal,Low,Low,0,0,0,0.0,Low
42,2026-09-16,Normal,Low,Low,0,0,0,0.0,Low
42,2026-09-17,Normal,Low,Low,0,0,0,0.0,Low
42,2026-09-18,Normal,Low,Low,0,0,0,0.0,Low
42,2026-09-19,Normal,Low,Low,0,0,0,0.0,Low
42,2026-09-20,Normal,Low,Low,0,0,0,0.0,Low
42,2026-09-21,Normal,Low,Low,0,0,0,0.0,Low
43,2026-09-15,Normal,Low,Low,0,0,0,0.0,Low
43,2026-09-16,Normal,Low,Low,0,0,0,0.0,Low
43,2026-09-17,Normal,Low,Low,0,0,0,0.0,Low
43,2026-09-18,Normal,Low,Low,0,0,0,0.0,Low
43,2026-09-19,Moderate,Low,Low,25,0,0,7.5,Low
43,2026-09-20,Moderate,Low,Low,25,0,0,7.5,Low
43,2026-09-21,Moderate,Low,Low,25,0,0,7.5,Low
44,2026-09-15,Very High,Low,Low,100,0,0,30.0,Moderate
44,2026-09-16,Moderate,Low,Low,25,0,0,7.5,Low
44,2026-09-17,Normal,Low,Low,0,0,0,0.0,Low
44,2026-09-18,Normal,Low,Low,0,0,0,0.0,Low
44,2026-09-19,Normal,Low,Low,0,0,0,0.0,Low
44,2026-09-20,Normal,Low,Low,0,0,0,0.0,Low
44,2026-09-21,Normal,Low,Low,0,0,0,0.0,Low
45,2026-09-15,Normal,Low,Low,0,0,0,0.0,Low
45,2026-09-16,Normal,Low,Low,0,0,0,0.0,Low
45,2026-09-17,Normal,Low,Low,0,0,0,0.0,Low
45,2026-09-18,Normal,Low,Low,0,0,0,0.0,Low
45,2026-09-19,Normal,Low,Low,0,0,0,0.0,Low
45,2026-09-20,Normal,Low,Low,0,0,0,0.0,Low
45,2026-09-21,Normal,Low,Low,0,0,0,0.0,Low
46,2026-09-15,Normal,Low,Low,0,0,0,0.0,Low
46,2026-09-16,Normal,Low,Low,0,0,0,0.0,Low
46,2026-09-17,Normal,Low,Low,0,0,0,0.0,Low
46,2026-09-18,Normal,Low,Low,0,0,0,0.0,Low
46,2026-09-19,Normal,Low,Low,0,0,0,0.0,Low
46,2026-09-20,High,Low,Low,60,0,0,18.0,Low
46,2026-09-21,Normal,Low,Low,0,0,0,0.0,Low
47,2026-09-15,Moderate,Low,Low,25,0,0,7.5,Low
47,2026-09-16,Normal,Low,Low,0,0,0,0.0,Low
47,2026-09-17,Normal,Low,Low,0,0,0,0.0,Low
47,2026-09-18,Normal,Low,Low,0,0,0,0.0,Low
47,2026-09-19,Normal,Low,Low,0,0,0,0.0,Low
47,2026-09-20,Normal,Low,Low,0,0,0,0.0,Low
47,2026-09-21,Normal,Low,Low,0,0,0,0.0,Low
48,2026-09-15,High,Low,Low,60,0,0,18.0,Low
48,2026-09-16,Moderate,Low,Low,25,0,0,7.5,Low
48,2026-09-17,Normal,Low,Low,0,0,0,0.0,Low
48,2026-09-18,Normal,Low,Low,0,0,0,0.0,Low
48,2026-09-19,Moderate,Low,Low,25,0,0,7.5,Low
48,2026-09-20,Very High,Low,Low,100,0,0,30.0,Moderate
48,2026-09-21,High,Low,Low,60,0,0,18.0,Low
49,2026-09-15,Normal,Low,Low,0,0,0,0.0,Low
49,2026-09-16,Normal,Low,Low,0,0,0,0.0,Low
49,2026-09-17,Normal,Low,Low,0,0,0,0.0,Low
49,2026-09-18,Normal,Low,Low,0,0,0,0.0,Low
49,2026-09-19,Normal,Low,Low,0,0,0,0.0,Low
49,2026-09-20,Moderate,Low,Low,25,0,0,7.5,Low
49,2026-09-21,Normal,Low,Low,0,0,0,0.0,Low
50,2026-09-15,Normal,Low,Low,0,0,0,0.0,Low
50,2026-09-16,Normal,Low,Moderate,0,0,30,9.0,Low
50,2026-09-17,Normal,Low,Low,0,0,0,0.0,Low
50,2026-09-18,Normal,Low,Low,0,0,0,0.0,Low
50,2026-09-19,Normal,Low,Low,0,0,0,0.0,Low
50,2026-09-20,Normal,Low,Moderate,0,0,30,9.0,Low
50,2026-09-21,Normal,Low,Moderate,0,0,30,9.0,Low
51,2026-09-15,Moderate,Low,Low,25,0,0,7.5,Low
51,2026-09-16,Normal,Low,Low,0,0,0,0.0,Low
51,2026-09-17,Normal,Low,Low,0,0,0,0.0,Low
51,2026-09-18,Normal,Low,Low,0,0,0,0.0,Low
51,2026-09-19,Moderate,Low,Low,25,0,0,7.5,Low
51,2026-09-20,Moderate,Low,Low,25,0,0,7.5,Low
51,2026-09-21,Moderate,Low,Low,25,0,0,7.5,Low
52,2026-09-15,Moderate,Low,Low,25,0,0,7.5,Low
52,2026-09-16,Normal,Low,Low,0,0,0,0.0,Low
52,2026-09-17,Normal,Low,Low,0,0,0,0.0,Low
52,2026-09-18,Normal,Low,Low,0,0,0,0.0,Low
52,2026-09-19,Moderate,Low,Low,25,0,0,7.5,Low
52,2026-09-20,Moderate,Low,Low,25,0,0,7.5,Low
52,2026-09-21,Moderate,Low,Low,25,0,0,7.5,Low
53,2026-09-15,Normal,Low,Low,0,0,0,0.0,Low
53,2026-09-16,Normal,Low,Low,0,0,0,0.0,Low
53,2026-09-17,Normal,Low,Low,0,0,0,0.0,Low
53,2026-09-18,Normal,Low,Low,0,0,0,0.0,Low
53,2026-09-19,Normal,Low,Low,0,0,0,0.0,Low
53,2026-09-20,Normal,Low,Low,0,0,0,0.0,Low
53,2026-09-21,Normal,Low,Low,0,0,0,0.0,Low
54,2026-09-15,Very High,Low,Low,100,0,0,30.0,Moderate
54,2026-09-16,Moderate,Low,Low,25,0,0,7.5,Low
54,2026-09-17,Normal,Low,Low,0,0,0,0.0,Low
54,2026-09-18,Normal,Low,Low,0,0,0,0.0,Low
54,2026-09-19,Moderate,Low,Low,25,0,0,7.5,Low
54,2026-09-20,Normal,Low,Low,0,0,0,0.0,Low
54,2026-09-21,Moderate,Low,Low,25,0,0,7.5,Low
55,2026-09-15,Normal,Low,Low,0,0,0,0.0,Low
55,2026-09-16,Normal,Low,Moderate,0,0,30,9.0,Low
55,2026-09-17,Normal,Low,Low,0,0,0,0.0,Low
55,2026-09-18,Normal,Low,Low,0,0,0,0.0,Low
55,2026-09-19,Normal,Low,Low,0,0,0,0.0,Low
55,2026-09-20,Normal,Low,Low,0,0,0,0.0,Low
55,2026-09-21,Normal,Low,Low,0,0,0,0.0,Low
56,2026-09-15,Normal,Low,Low,0,0,0,0.0,Low
56,2026-09-16,Normal,Low,Low,0,0,0,0.0,Low
56,2026-09-17,Normal,Low,Low,0,0,0,0.0,Low
56,2026-09-18,Normal,Low,Low,0,0,0,0.0,Low
56,2026-09-19,Normal,Low,Low,0,0,0,0.0,Low
56,2026-09-20,Normal,Low,Low,0,0,0,0.0,Low
56,2026-09-21,Normal,Low,Moderate,0,0,30,9.0,Low
57,2026-09-15,Normal,Low,Low,0,0,0,0.0,Low
57,2026-09-16,Moderate,Low,Low,25,0,0,7.5,Low
57,2026-09-17,Normal,Low,Low,0,0,0,0.0,Low
57,2026-09-18,Normal,Low,Low,0,0,0,0.0,Low
57,2026-09-19,Normal,Low,Moderate,0,0,30,9.0,Low
57,2026-09-20,Normal,Low,Low,0,0,0,0.0,Low
57,2026-09-21,Normal,Low,Low,0,0,0,0.0,Low
58,2026-09-15,Normal,Low,Low,0,0,0,0.0,Low
58,2026-09-16,Normal,Low,Low,0,0,0,0.0,Low
58,2026-09-17,Normal,Low,Low,0,0,0,0.0,Low
58,2026-09-18,Normal,Low,Low,0,0,0,0.0,Low
58,2026-09-19,Normal,Low,Low,0,0,0,0.0,Low
58,2026-09-20,Normal,Low,Low,0,0,0,0.0,Low
58,2026-09-21,Normal,Low,Low,0,0,0,0.0,Low
59,2026-09-15,Normal,Low,Low,0,0,0,0.0,Low
59,2026-09-16,Normal,Low,Moderate,0,0,30,9.0,Low
59,2026-09-17,Normal,Low,Low,0,0,0,0.0,Low
59,2026-09-18,Normal,Low,Low,0,0,0,0.0,Low
59,2026-09-19,Normal,Low,Low,0,0,0,0.0,Low
59,2026-09-20,Normal,Low,Moderate,0,0,30,9.0,Low
59,2026-09-21,Normal,Low,Moderate,0,0,30,9.0,Low
60,2026-09-15,Moderate,Low,Low,25,0,0,7.5,Low
60,2026-09-16,Normal,Low,Low,0,0,0,0.0,Low
60,2026-09-17,Normal,Low,Low,0,0,0,0.0,Low
60,2026-09-18,Normal,Low,Low,0,0,0,0.0,Low
60,2026-09-19,Normal,Low,Low,0,0,0,0.0,Low
60,2026-09-20,Normal,Low,Low,0,0,0,0.0,Low
60,2026-09-21,Normal,Low,Low,0,0,0,0.0,Low
61,2026-09-15,Moderate,Low,Low,25,0,0,7.5,Low
61,2026-09-16,Normal,Low,Low,0,0,0,0.0,Low
61,2026-09-17,Normal,Low,Low,0,0,0,0.0,Low
61,2026-09-18,Normal,Low,Low,0,0,0,0.0,Low
61,2026-09-19,Moderate,Low,Low,25,0,0,7.5,Low
61,2026-09-20,Moderate,Low,Low,25,0,0,7.5,Low
61,2026-09-21,Moderate,Low,Low,25,0,0,7.5,Low
62,2026-09-15,Normal,Low,Low,0,0,0,0.0,Low
62,2026-09-16,Normal,Low,Moderate,0,0,30,9.0,Low
62,2026-09-17,Normal,Low,Low,0,0,0,0.0,Low
62,2026-09-18,Normal,Low,Low,0,0,0,0.0,Low
62,2026-09-19,Normal,Low,Low,0,0,0,0.0,Low
62,2026-09-20,Normal,Low,High,0,0,60,18.0,Low
62,2026-09-21,Normal,Low,High,0,0,60,18.0,Low
63,2026-09-15,Moderate,Low,Low,25,0,0,7.5,Low
63,2026-09-16,Normal,Low,Low,0,0,0,0.0,Low
63,2026-09-17,Normal,Low,Low,0,0,0,0.0,Low
63,2026-09-18,Normal,Low,Low,0,0,0,0.0,Low
63,2026-09-19,Moderate,Low,Low,25,0,0,7.5,Low
63,2026-09-20,High,Low,Low,60,0,0,18.0,Low
63,2026-09-21,Normal,Low,Low,0,0,0,0.0,Low
64,2026-09-15,Normal,Low,Low,0,0,0,0.0,Low
64,2026-09-16,Normal,Low,Low,0,0,0,0.0,Low
64,2026-09-17,Normal,Low,Low,0,0,0,0.0,Low
64,2026-09-18,Normal,Low,Low,0,0,0,0.0,Low
64,2026-09-19,Normal,Low,Low,0,0,0,0.0,Low
64,2026-09-20,Normal,Low,Low,0,0,0,0.0,Low
64,2026-09-21,Normal,Low,Low,0,0,0,0.0,Low
65,2026-09-15,Normal,Low,Low,0,0,0,0.0,Low
65,2026-09-16,Normal,Low,Low,0,0,0,0.0,Low
65,2026-09-17,Normal,Low,Low,0,0,0,0.0,Low
65,2026-09-18,Normal,Low,Low,0,0,0,0.0,Low
65,2026-09-19,Normal,Low,Low,0,0,0,0.0,Low
65,2026-09-20,Normal,Low,Low,0,0,0,0.0,Low
65,2026-09-21,Normal,Low,Low,0,0,0,0.0,Low
66,2026-09-15,High,Low,Low,60,0,0,18.0,Low
66,2026-09-16,Moderate,Low,Low,25,0,0,7.5,Low
66,2026-09-17,Normal,Low,Low,0,0,0,0.0,Low
66,2026-09-18,Normal,Low,Low,0,0,0,0.0,Low
66,2026-09-19,High,Low,Low,60,0,0,18.0,Low
66,2026-09-20,Very High,Low,Low,100,0,0,30.0,Moderate
66,2026-09-21,High,Low,Low,60,0,0,18.0,Low
67,2026-09-15,Normal,Low,Low,0,0,0,0.0,Low
67,2026-09-16,Normal,Low,Low,0,0,0,0.0,Low
67,2026-09-17,Normal,Low,Low,0,0,0,0.0,Low
67,2026-09-18,Normal,Low,Low,0,0,0,0.0,Low
67,2026-09-19,Normal,Low,Low,0,0,0,0.0,Low
67,2026-09-20,Moderate,Low,Low,25,0,0,7.5,Low
67,2026-09-21,Normal,Low,Low,0,0,0,0.0,Low
68,2026-09-15,Moderate,Low,Low,25,0,0,7.5,Low
68,2026-09-16,Normal,Low,Low,0,0,0,0.0,Low
68,2026-09-17,Normal,Low,Low,0,0,0,0.0,Low
68,2026-09-18,Normal,Low,Low,0,0,0,0.0,Low
68,2026-09-19,Moderate,Low,Low,25,0,0,7.5,Low
68,2026-09-20,Moderate,Low,Low,25,0,0,7.5,Low
68,2026-09-21,Moderate,Low,Low,25,0,0,7.5,Low
69,2026-09-15,Very High,Low,Low,100,0,0,30.0,Moderate
69,2026-09-16,High,Low,Low,60,0,0,18.0,Low
69,2026-09-17,Normal,Low,Low,0,0,0,0.0,Low
69,2026-09-18,Normal,Low,Low,0,0,0,0.0,Low
69,2026-09-19,Normal,Low,Low,0,0,0,0.0,Low
69,2026-09-20,Moderate,Low,Low,25,0,0,7.5,Low
69,2026-09-21,Very High,Low,Low,100,0,0,30.0,Moderate
70,2026-09-15,Moderate,Low,Low,25,0,0,7.5,Low
70,2026-09-16,Normal,Low,Low,0,0,0,0.0,Low
70,2026-09-17,Normal,Low,Low,0,0,0,0.0,Low
70,2026-09-18,Normal,Low,Low,0,0,0,0.0,Low
70,2026-09-19,Moderate,Low,Low,25,0,0,7.5,Low
70,2026-09-20,Moderate,Low,Low,25,0,0,7.5,Low
70,2026-09-21,Normal,Low,Low,0,0,0,0.0,Low
71,2026-09-15,Moderate,Low,Low,25,0,0,7.5,Low
71,2026-09-16,Normal,Low,Low,0,0,0,0.0,Low
71,2026-09-17,Normal,Low,Low,0,0,0,0.0,Low
71,2026-09-18,Normal,Low,Low,0,0,0,0.0,Low
71,2026-09-19,Normal,Low,Low,0,0,0,0.0,Low
71,2026-09-20,Normal,Low,Low,0,0,0,0.0,Low
71,2026-09-21,Normal,Low,Low,0,0,0,0.0,Low
72,2026-09-15,Normal,Low,Low,0,0,0,0.0,Low
72,2026-09-16,Normal,Low,Low,0,0,0,0.0,Low
72,2026-09-17,Normal,Low,Low,0,0,0,0.0,Low
72,2026-09-18,Normal,Low,Low,0,0,0,0.0,Low
72,2026-09-19,Normal,Low,Low,0,0,0,0.0,Low
72,2026-09-20,Normal,Low,Low,0,0,0,0.0,Low
72,2026-09-21,Normal,Low,Low,0,0,0,0.0,Low
73,2026-09-15,Moderate,Low,Low,25,0,0,7.5,Low
73,2026-09-16,Normal,Low,Low,0,0,0,0.0,Low
73,2026-09-17,Normal,Low,Low,0,0,0,0.0,Low
73,2026-09-18,Normal,Low,Low,0,0,0,0.0,Low
73,2026-09-19,Moderate,Low,Low,25,0,0,7.5,Low
73,2026-09-20,High,Low,Low,60,0,0,18.0,Low
73,2026-09-21,Normal,Low,Low,0,0,0,0.0,Low
74,2026-09-15,High,Low,Low,60,0,0,18.0,Low
74,2026-09-16,Normal,Low,Low,0,0,0,0.0,Low
74,2026-09-17,Normal,Low,Low,0,0,0,0.0,Low
74,2026-09-18,Normal,Low,Low,0,0,0,0.0,Low
74,2026-09-19,Normal,Low,Low,0,0,0,0.0,Low
74,2026-09-20,Normal,Low,Low,0,0,0,0.0,Low
74,2026-09-21,Normal,Low,Low,0,0,0,0.0,Low
75,2026-09-15,High,Low,Low,60,0,0,18.0,Low
75,2026-09-16,Normal,Low,Low,0,0,0,0.0,Low
75,2026-09-17,Normal,Low,Low,0,0,0,0.0,Low
75,2026-09-18,Normal,Low,Low,0,0,0,0.0,Low
75,2026-09-19,Normal,Low,Low,0,0,0,0.0,Low
75,2026-09-20,Normal,Low,Low,0,0,0,0.0,Low
75,2026-09-21,Normal,Low,Low,0,0,0,0.0,Low
76,2026-09-15,Normal,Low,Low,0,0,0,0.0,Low
76,2026-09-16,Normal,Low,Low,0,0,0,0.0,Low
76,2026-09-17,Normal,Low,Low,0,0,0,0.0,Low
76,2026-09-18,Normal,Low,Low,0,0,0,0.0,Low
76,2026-09-19,Normal,Low,Low,0,0,0,0.0,Low
76,2026-09-20,Normal,Low,Moderate,0,0,30,9.0,Low
76,2026-09-21,Normal,Low,Low,0,0,0,0.0,Low
77,2026-09-15,High,Low,Low,60,0,0,18.0,Low
77,2026-09-16,Moderate,Low,Low,25,0,0,7.5,Low
77,2026-09-17,Normal,Low,Low,0,0,0,0.0,Low
77,2026-09-18,Normal,Low,Low,0,0,0,0.0,Low
77,2026-09-19,Moderate,Low,Low,25,0,0,7.5,Low
77,2026-09-20,High,Low,Low,60,0,0,18.0,Low
77,2026-09-21,Moderate,Low,Low,25,0,0,7.5,Low
78,2026-09-15,Normal,Low,Low,0,0,0,0.0,Low
78,2026-09-16,Normal,Low,Low,0,0,0,0.0,Low
78,2026-09-17,Normal,Low,Low,0,0,0,0.0,Low
78,2026-09-18,Normal,Low,Low,0,0,0,0.0,Low
78,2026-09-19,Normal,Low,Low,0,0,0,0.0,Low
78,2026-09-20,Normal,Low,Low,0,0,0,0.0,Low
78,2026-09-21,Normal,Low,Low,0,0,0,0.0,Low
79,2026-09-15,Moderate,Low,Low,25,0,0,7.5,Low
79,2026-09-16,Normal,Low,Low,0,0,0,0.0,Low
79,2026-09-17,Normal,Low,Low,0,0,0,0.0,Low
79,2026-09-18,Normal,Low,Low,0,0,0,0.0,Low
79,2026-09-19,Moderate,Low,Low,25,0,0,7.5,Low
79,2026-09-20,Moderate,Low,Low,25,0,0,7.5,Low
79,2026-09-21,Moderate,Low,Low,25,0,0,7.5,Low
80,2026-09-15,Normal,Low,Low,0,0,0,0.0,Low
80,2026-09-16,Normal,Low,Low,0,0,0,0.0,Low
80,2026-09-17,Normal,Low,Low,0,0,0,0.0,Low
80,2026-09-18,Normal,Low,Low,0,0,0,0.0,Low
80,2026-09-19,Normal,Low,Low,0,0,0,0.0,Low
80,2026-09-20,Normal,Low,Low,0,0,0,0.0,Low
80,2026-09-21,Normal,Low,Low,0,0,0,0.0,Low
81,2026-09-15,Normal,Low,Low,0,0,0,0.0,Low
81,2026-09-16,Normal,Low,Low,0,0,0,0.0,Low
81,2026-09-17,Normal,Low,Low,0,0,0,0.0,Low
81,2026-09-18,Normal,Low,Low,0,0,0,0.0,Low
81,2026-09-19,Normal,Low,Low,0,0,0,0.0,Low
81,2026-09-20,Normal,Low,Low,0,0,0,0.0,Low
81,2026-09-21,Normal,Low,Low,0,0,0,0.0,Low
82,2026-09-15,Normal,Low,Moderate,0,0,30,9.0,Low
82,2026-09-16,Normal,Low,Low,0,0,0,0.0,Low
82,2026-09-17,Normal,Low,Low,0,0,0,0.0,Low
82,2026-09-18,Normal,Low,Low,0,0,0,0.0,Low
82,2026-09-19,Normal,Low,Low,0,0,0,0.0,Low
82,2026-09-20,Normal,Low,Low,0,0,0,0.0,Low
82,2026-09-21,Normal,Low,Low,0,0,0,0.0,Low
83,2026-09-15,Normal,Low,Low,0,0,0,0.0,Low
83,2026-09-16,Normal,Low,Low,0,0,0,0.0,Low
83,2026-09-17,Normal,Low,Low,0,0,0,0.0,Low
83,2026-09-18,Normal,Low,Low,0,0,0,0.0,Low
83,2026-09-19,Normal,Low,Low,0,0,0,0.0,Low
83,2026-09-20,Moderate,Low,Low,25,0,0,7.5,Low
83,2026-09-21,Normal,Low,Low,0,0,0,0.0,Low
84,2026-09-15,Normal,Low,Low,0,0,0,0.0,Low
84,2026-09-16,Normal,Low,Low,0,0,0,0.0,Low
84,2026-09-17,Normal,Low,Low,0,0,0,0.0,Low
84,2026-09-18,Normal,Low,Low,0,0,0,0.0,Low
84,2026-09-19,Normal,Low,Low,0,0,0,0.0,Low
84,2026-09-20,Normal,Low,Low,0,0,0,0.0,Low
84,2026-09-21,Normal,Low,Low,0,0,0,0.0,Low
85,2026-09-15,Moderate,Low,Low,25,0,0,7.5,Low
85,2026-09-16,Moderate,Low,Low,25,0,0,7.5,Low
85,2026-09-17,Moderate,Low,Low,25,0,0,7.5,Low
85,2026-09-18,Moderate,Low,Low,25,0,0,7.5,Low
85,2026-09-19,Moderate,Low,Low,25,0,0,7.5,Low
85,2026-09-20,Moderate,Low,Low,25,0,0,7.5,Low
85,2026-09-21,Moderate,Low,Low,25,0,0,7.5,Low
86,2026-09-15,Normal,Low,Low,0,0,0,0.0,Low
86,2026-09-16,Normal,Low,Low,0,0,0,0.0,Low
86,2026-09-17,Normal,Low,Low,0,0,0,0.0,Low
86,2026-09-18,Normal,Low,Low,0,0,0,0.0,Low
86,2026-09-19,Normal,Low,Low,0,0,0,0.0,Low
86,2026-09-20,Normal,Low,Low,0,0,0,0.0,Low
86,2026-09-21,Normal,Low,Low,0,0,0,0.0,Low
87,2026-09-15,Normal,Low,Low,0,0,0,0.0,Low
87,2026-09-16,Normal,Low,Low,0,0,0,0.0,Low
87,2026-09-17,Normal,Low,Low,0,0,0,0.0,Low
87,2026-09-18,Normal,Low,Low,0,0,0,0.0,Low
87,2026-09-19,Normal,Low,Low,0,0,0,0.0,Low
87,2026-09-20,Normal,Low,Low,0,0,0,0.0,Low
87,2026-09-21,Normal,Low,Low,0,0,0,0.0,Low
88,2026-09-15,Normal,Low,Low,0,0,0,0.0,Low
88,2026-09-16,Normal,Low,Low,0,0,0,0.0,Low
88,2026-09-17,Normal,Low,Low,0,0,0,0.0,Low
88,2026-09-18,Normal,Low,Low,0,0,0,0.0,Low
88,2026-09-19,Normal,Low,Moderate,0,0,30,9.0,Low
88,2026-09-20,Normal,Low,Low,0,0,0,0.0,Low
88,2026-09-21,Normal,Low,Low,0,0,0,0.0,Low
89,2026-09-15,Normal,Low,Low,0,0,0,0.0,Low
89,2026-09-16,Normal,Low,Low,0,0,0,0.0,Low
89,2026-09-17,Normal,Low,Low,0,0,0,0.0,Low
89,2026-09-18,Normal,Low,Low,0,0,0,0.0,Low
89,2026-09-19,Normal,Low,Low,0,0,0,0.0,Low
89,2026-09-20,Normal,Low,Low,0,0,0,0.0,Low
89,2026-09-21,Normal,Low,Low,0,0,0,0.0,Low
90,2026-09-15,Moderate,Low,Low,25,0,0,7.5,Low
90,2026-09-16,Moderate,Low,Low,25,0,0,7.5,Low
90,2026-09-17,Normal,Low,Low,0,0,0,0.0,Low
90,2026-09-18,Normal,Low,Low,0,0,0,0.0,Low
90,2026-09-19,Moderate,Low,Low,25,0,0,7.5,Low
90,2026-09-20,High,Low,Low,60,0,0,18.0,Low
90,2026-09-21,Normal,Low,Low,0,0,0,0.0,Low
91,2026-09-15,Normal,Low,Low,0,0,0,0.0,Low
91,2026-09-16,Normal,Low,Low,0,0,0,0.0,Low
91,2026-09-17,Normal,Low,Low,0,0,0,0.0,Low
91,2026-09-18,Normal,Low,Low,0,0,0,0.0,Low
91,2026-09-19,Moderate,Low,Low,25,0,0,7.5,Low
91,2026-09-20,High,Low,Low,60,0,0,18.0,Low
91,2026-09-21,Moderate,Low,Low,25,0,0,7.5,Low
92,2026-09-15,High,Low,Low,60,0,0,18.0,Low
92,2026-09-16,Moderate,Low,Low,25,0,0,7.5,Low
92,2026-09-17,Normal,Low,Low,0,0,0,0.0,Low
92,2026-09-18,Normal,Low,Low,0,0,0,0.0,Low
92,2026-09-19,Moderate,Low,Low,25,0,0,7.5,Low
92,2026-09-20,Moderate,Low,Low,25,0,0,7.5,Low
92,2026-09-21,Moderate,Low,Low,25,0,0,7.5,Low
93,2026-09-15,Moderate,Low,Low,25,0,0,7.5,Low
93,2026-09-16,Normal,Low,Low,0,0,0,0.0,Low
93,2026-09-17,Normal,Low,Low,0,0,0,0.0,Low
93,2026-09-18,Normal,Low,Low,0,0,0,0.0,Low
93,2026-09-19,Moderate,Low,Low,25,0,0,7.5,Low
93,2026-09-20,Moderate,Low,Low,25,0,0,7.5,Low
93,2026-09-21,Moderate,Low,Low,25,0,0,7.5,Low
94,2026-09-15,Normal,Low,Low,0,0,0,0.0,Low
94,2026-09-16,Normal,Low,Low,0,0,0,0.0,Low
94,2026-09-17,Normal,Low,Low,0,0,0,0.0,Low
94,2026-09-18,Normal,Low,Low,0,0,0,0.0,Low
94,2026-09-19,Normal,Low,Low,0,0,0,0.0,Low
94,2026-09-20,Normal,Low,Low,0,0,0,0.0,Low
94,2026-09-21,Normal,Low,Low,0,0,0,0.0,Low
95,2026-09-15,Normal,Low,Low,0,0,0,0.0,Low
95,2026-09-16,Normal,Low,Low,0,0,0,0.0,Low
95,2026-09-17,Normal,Low,Low,0,0,0,0.0,Low
95,2026-09-18,Normal,Low,Low,0,0,0,0.0,Low
95,2026-09-19,Normal,Low,Low,0,0,0,0.0,Low
95,2026-09-20,Normal,Low,Low,0,0,0,0.0,Low
95,2026-09-21,Normal,Low,Low,0,0,0,0.0,Low
96,2026-09-15,Normal,Low,Low,0,0,0,0.0,Low
96,2026-09-16,Normal,Low,Low,0,0,0,0.0,Low
96,2026-09-17,Normal,Low,Low,0,0,0,0.0,Low
96,2026-09-18,Normal,Low,Low,0,0,0,0.0,Low
96,2026-09-19,Normal,Low,Low,0,0,0,0.0,Low
96,2026-09-20,Normal,Low,Low,0,0,0,0.0,Low
96,2026-09-21,Normal,Low,Low,0,0,0,0.0,Low
97,2026-09-15,Normal,Low,Low,0,0,0,0.0,Low
97,2026-09-16,Normal,Low,Low,0,0,0,0.0,Low
97,2026-09-17,Normal,Low,Low,0,0,0,0.0,Low
97,2026-09-18,Normal,Low,Low,0,0,0,0.0,Low
97,2026-09-19,Normal,Low,Moderate,0,0,30,9.0,Low
97,2026-09-20,Normal,Low,Low,0,0,0,0.0,Low
97,2026-09-21,Normal,Low,Low,0,0,0,0.0,Low
98,2026-09-15,Normal,Low,Low,0,0,0,0.0,Low
98,2026-09-16,Normal,Low,Low,0,0,0,0.0,Low
98,2026-09-17,Normal,Low,Low,0,0,0,0.0,Low
98,2026-09-18,Normal,Low,Low,0,0,0,0.0,Low
98,2026-09-19,Normal,Low,Low,0,0,0,0.0,Low
98,2026-09-20,Normal,Low,Low,0,0,0,0.0,Low
98,2026-09-21,Normal,Low,Low,0,0,0,0.0,Low
99,2026-09-15,Normal,Low,Low,0,0,0,0.0,Low
99,2026-09-16,Normal,Low,Low,0,0,0,0.0,Low
99,2026-09-17,Normal,Low,Low,0,0,0,0.0,Low
99,2026-09-18,Normal,Low,Low,0,0,0,0.0,Low
99,2026-09-19,Normal,Low,Low,0,0,0,0.0,Low
99,2026-09-20,Normal,Low,Low,0,0,0,0.0,Low
99,2026-09-21,Normal,Low,Low,0,0,0,0.0,Low
100,2026-09-15,Normal,Low,Low,0,0,0,0.0,Low
100,2026-09-16,Normal,Low,Low,0,0,0,0.0,Low
100,2026-09-17,Normal,Low,Low,0,0,0,0.0,Low
100,2026-09-18,Normal,Low,Low,0,0,0,0.0,Low
100,2026-09-19,Normal,Low,Low,0,0,0,0.0,Low
100,2026-09-20,Moderate,Low,Low,25,0,0,7.5,Low
100,2026-09-21,Normal,Low,Low,0,0,0,0.0,Low
101,2026-09-15,Moderate,Low,Low,25,0,0,7.5,Low
101,2026-09-16,Normal,Low,Low,0,0,0,0.0,Low
101,2026-09-17,Normal,Low,Low,0,0,0,0.0,Low
101,2026-09-18,Normal,Low,Low,0,0,0,0.0,Low
101,2026-09-19,Normal,Low,Low,0,0,0,0.0,Low
101,2026-09-20,Moderate,Low,Low,25,0,0,7.5,Low
101,2026-09-21,Moderate,Low,Low,25,0,0,7.5,Low
102,2026-09-15,Moderate,Low,Low,25,0,0,7.5,Low
102,2026-09-16,Normal,Low,Low,0,0,0,0.0,Low
102,2026-09-17,Normal,Low,Low,0,0,0,0.0,Low
102,2026-09-18,Normal,Low,Low,0,0,0,0.0,Low
102,2026-09-19,Normal,Low,Low,0,0,0,0.0,Low
102,2026-09-20,Moderate,Low,Low,25,0,0,7.5,Low
102,2026-09-21,Normal,Low,Low,0,0,0,0.0,Low
103,2026-09-15,Normal,Low,Low,0,0,0,0.0,Low
103,2026-09-16,Normal,Low,Low,0,0,0,0.0,Low
103,2026-09-17,Normal,Low,Low,0,0,0,0.0,Low
103,2026-09-18,Normal,Low,Low,0,0,0,0.0,Low
103,2026-09-19,Normal,Low,Low,0,0,0,0.0,Low
103,2026-09-20,Moderate,Low,Low,25,0,0,7.5,Low
103,2026-09-21,Moderate,Low,Low,25,0,0,7.5,Low
104,2026-09-15,Moderate,Low,Low,25,0,0,7.5,Low
104,2026-09-16,Normal,Low,Low,0,0,0,0.0,Low
104,2026-09-17,Normal,Low,Low,0,0,0,0.0,Low
104,2026-09-18,Normal,Low,Low,0,0,0,0.0,Low
104,2026-09-19,Moderate,Low,Low,25,0,0,7.5,Low
104,2026-09-20,High,Low,Low,60,0,0,18.0,Low
104,2026-09-21,Moderate,Low,Low,25,0,0,7.5,Low
105,2026-09-15,Moderate,Low,Low,25,0,0,7.5,Low
105,2026-09-16,Normal,Low,Low,0,0,0,0.0,Low
105,2026-09-17,Normal,Low,Low,0,0,0,0.0,Low
105,2026-09-18,Normal,Low,Low,0,0,0,0.0,Low
105,2026-09-19,Moderate,Low,Low,25,0,0,7.5,Low
105,2026-09-20,Moderate,Low,Low,25,0,0,7.5,Low
105,2026-09-21,Moderate,Low,Low,25,0,0,7.5,Low
106,2026-09-15,Normal,Low,Low,0,0,0,0.0,Low
106,2026-09-16,Normal,Low,Low,0,0,0,0.0,Low
106,2026-09-17,Normal,Low,Low,0,0,0,0.0,Low
106,2026-09-18,Normal,Low,Low,0,0,0,0.0,Low
106,2026-09-19,Normal,Low,Low,0,0,0,0.0,Low
106,2026-09-20,Normal,Low,Low,0,0,0,0.0,Low
106,2026-09-21,Normal,Low,Low,0,0,0,0.0,Low
107,2026-09-15,High,Low,Low,60,0,0,18.0,Low
107,2026-09-16,Moderate,Low,Low,25,0,0,7.5,Low
107,2026-09-17,Normal,Low,Low,0,0,0,0.0,Low
107,2026-09-18,Normal,Low,Low,0,0,0,0.0,Low
107,2026-09-19,Moderate,Low,Low,25,0,0,7.5,Low
107,2026-09-20,High,Low,Low,60,0,0,18.0,Low
107,2026-09-21,Moderate,Low,Low,25,0,0,7.5,Low
108,2026-09-15,Normal,Low,Low,0,0,0,0.0,Low
108,2026-09-16,Normal,Low,Low,0,0,0,0.0,Low
108,2026-09-17,Normal,Low,Low,0,0,0,0.0,Low
108,2026-09-18,Normal,Low,Low,0,0,0,0.0,Low
108,2026-09-19,Normal,Low,Low,0,0,0,0.0,Low
108,2026-09-20,Normal,Low,Low,0,0,0,0.0,Low
108,2026-09-21,Normal,Low,Low,0,0,0,0.0,Low
109,2026-09-15,Normal,Low,Low,0,0,0,0.0,Low
109,2026-09-16,Normal,Low,Low,0,0,0,0.0,Low
109,2026-09-17,Normal,Low,Low,0,0,0,0.0,Low
109,2026-09-18,Normal,Low,Low,0,0,0,0.0,Low
109,2026-09-19,Normal,Low,Low,0,0,0,0.0,Low
109,2026-09-20,Normal,Low,Low,0,0,0,0.0,Low
109,2026-09-21,Normal,Moderate,Low,0,30,0,12.0,Low
110,2026-09-15,Normal,Low,Low,0,0,0,0.0,Low
110,2026-09-16,Normal,Low,Low,0,0,0,0.0,Low
110,2026-09-17,Normal,Low,Low,0,0,0,0.0,Low
110,2026-09-18,Normal,Low,Low,0,0,0,0.0,Low
110,2026-09-19,Normal,Low,Low,0,0,0,0.0,Low
110,2026-09-20,Moderate,Low,Low,25,0,0,7.5,Low
110,2026-09-21,Normal,Low,Low,0,0,0,0.0,Low
111,2026-09-15,Moderate,Low,High,25,0,60,25.5,Moderate
111,2026-09-16,Moderate,Low,Low,25,0,0,7.5,Low
111,2026-09-17,Normal,Low,Low,0,0,0,0.0,Low
111,2026-09-18,Normal,Low,Low,0,0,0,0.0,Low
111,2026-09-19,Normal,Low,Low,0,0,0,0.0,Low
111,2026-09-20,Moderate,Low,Low,25,0,0,7.5,Low
111,2026-09-21,Normal,Low,Low,0,0,0,0.0,Low
112,2026-09-15,Moderate,Low,Low,25,0,0,7.5,Low
112,2026-09-16,Normal,Low,Low,0,0,0,0.0,Low
112,2026-09-17,Normal,Low,Low,0,0,0,0.0,Low
112,2026-09-18,Normal,Low,Low,0,0,0,0.0,Low
112,2026-09-19,Normal,Low,Low,0,0,0,0.0,Low
112,2026-09-20,Normal,Low,Low,0,0,0,0.0,Low
112,2026-09-21,Normal,Low,Low,0,0,0,0.0,Low
113,2026-09-15,Moderate,Low,Low,25,0,0,7.5,Low
113,2026-09-16,Normal,Low,Low,0,0,0,0.0,Low
113,2026-09-17,Normal,Low,Low,0,0,0,0.0,Low
113,2026-09-18,Normal,Low,Low,0,0,0,0.0,Low
113,2026-09-19,Normal,Low,Low,0,0,0,0.0,Low
113,2026-09-20,Normal,Low,Low,0,0,0,0.0,Low
113,2026-09-21,Normal,Low,Low,0,0,0,0.0,Low
114,2026-09-15,High,Low,Low,60,0,0,18.0,Low
114,2026-09-16,Moderate,Low,Low,25,0,0,7.5,Low
114,2026-09-17,Normal,Low,Low,0,0,0,0.0,Low
114,2026-09-18,Normal,Low,Low,0,0,0,0.0,Low
114,2026-09-19,Moderate,Low,Low,25,0,0,7.5,Low
114,2026-09-20,Moderate,Low,Low,25,0,0,7.5,Low
114,2026-09-21,Normal,Low,Low,0,0,0,0.0,Low
115,2026-09-15,Normal,Low,Low,0,0,0,0.0,Low
115,2026-09-16,Normal,Low,Low,0,0,0,0.0,Low
115,2026-09-17,Normal,Low,Low,0,0,0,0.0,Low
115,2026-09-18,Normal,Low,Low,0,0,0,0.0,Low
115,2026-09-19,Moderate,Low,Low,25,0,0,7.5,Low
115,2026-09-20,Moderate,Low,Low,25,0,0,7.5,Low
115,2026-09-21,Moderate,Low,Low,25,0,0,7.5,Low
116,2026-09-15,High,Low,Low,60,0,0,18.0,Low
116,2026-09-16,Moderate,Low,Low,25,0,0,7.5,Low
116,2026-09-17,Normal,Low,Low,0,0,0,0.0,Low
116,2026-09-18,Normal,Low,Low,0,0,0,0.0,Low
116,2026-09-19,Moderate,Low,Low,25,0,0,7.5,Low
116,2026-09-20,High,Low,Low,60,0,0,18.0,Low
116,2026-09-21,Moderate,Low,Low,25,0,0,7.5,Low
117,2026-09-15,Moderate,Low,Low,25,0,0,7.5,Low
117,2026-09-16,Normal,Low,Low,0,0,0,0.0,Low
117,2026-09-17,Normal,Low,Low,0,0,0,0.0,Low
117,2026-09-18,Normal,Low,Low,0,0,0,0.0,Low
117,2026-09-19,Moderate,Low,Low,25,0,0,7.5,Low
117,2026-09-20,Moderate,Low,Low,25,0,0,7.5,Low
117,2026-09-21,Moderate,Low,Low,25,0,0,7.5,Low
118,2026-09-15,Normal,Low,Low,0,0,0,0.0,Low
118,2026-09-16,Normal,Low,Low,0,0,0,0.0,Low
118,2026-09-17,Normal,Low,Low,0,0,0,0.0,Low
118,2026-09-18,Normal,Low,Low,0,0,0,0.0,Low
118,2026-09-19,Normal,Low,Low,0,0,0,0.0,Low
118,2026-09-20,Normal,Low,Low,0,0,0,0.0,Low
118,2026-09-21,Normal,Low,Low,0,0,0,0.0,Low
119,2026-09-15,High,Low,Low,60,0,0,18.0,Low
119,2026-09-16,Normal,Low,Low,0,0,0,0.0,Low
119,2026-09-17,Normal,Low,Low,0,0,0,0.0,Low
119,2026-09-18,Normal,Low,Low,0,0,0,0.0,Low
119,2026-09-19,Normal,Low,Low,0,0,0,0.0,Low
119,2026-09-20,Normal,Low,Low,0,0,0,0.0,Low
119,2026-09-21,Normal,Low,Low,0,0,0,0.0,Low
120,2026-09-15,Moderate,Low,Low,25,0,0,7.5,Low
120,2026-09-16,High,Low,Low,60,0,0,18.0,Low
120,2026-09-17,Normal,Low,Low,0,0,0,0.0,Low
120,2026-09-18,Normal,Low,Low,0,0,0,0.0,Low
120,2026-09-19,Normal,Low,Low,0,0,0,0.0,Low
120,2026-09-20,Moderate,Low,Low,25,0,0,7.5,Low
120,2026-09-21,High,Low,Low,60,0,0,18.0,Low
